parents	labels	shortname	shortname_rus	name_rus	history_from	history_till	trace_color
	Moscow Exchange		Московская биржа				
Moscow Exchange	Chemicals and Pertochemicals		Химия и нефтехимия				rgba(54,114,64,1)
Moscow Exchange	Conglomerate		Холдинги				rgba(160,98,49,1)
Moscow Exchange	Construction (Development)		Строительство				rgba(106,86,137,1)
Moscow Exchange	Consumer		Потребительский сектор				rgba(102,77,80,1)
Moscow Exchange	Electricity, Utilities		Электроэнергетика				rgba(96,98,106,1)
Moscow Exchange	Energy (Oil, Gas, Coal)		Энергоресурсы (Нефть, газ, уголь)				rgba(44,129,146,1)
Moscow Exchange	Financials		Финансы				rgba(139,54,62,1)
Moscow Exchange	Health Care		Здравоохранение				rgba(163,90,253,1)
Moscow Exchange	Industrials		Промышленность				rgba(202,224,92,1)
Moscow Exchange	Information Technologies		Информационные технологии				rgba(183,50,68,1)
Moscow Exchange	Metals and Mining		Металлы и добыча				rgba(199,131,37,1)
Moscow Exchange	Telecommunication Services		Телекоммуникации				rgba(106,228,127,1)
Moscow Exchange	Transportation		Транспорт				rgba(54,104,114,1)
Moscow Exchange	TQFD. PAI (USD)		TQFD. ПАИ (USD)				rgba(105,34,166,1)
Moscow Exchange	TQIF. PAI		TQIF. ПАИ				rgba(77,192,166,1)
Moscow Exchange	TQPI. Shares PIR		TQPI. Акции ПИР				rgba(150,113,120,1)
Moscow Exchange	TQTF. ETF		TQTF. ETF				rgba(222,217,139,1)
Moscow Exchange	TQTY. PAI (CNY)		TQTY. ПАИ (CNY)				rgba(222,127,107,1)
Moscow Exchange	Others		Прочее				rgba(199,78,165,1)
Chemicals and Pertochemicals	AKRN	Acron	Акрон	Акрон ПАО ао	2006-10-11		
Chemicals and Pertochemicals	AZKM	Azot	Азот ао	КОАО Азот ао	2008-08-28	2012-12-25	
Chemicals and Pertochemicals	DGBZ	Dorogobuzh	Дорогбж ао	Дорогобуж ПАО ао	2006-12-21	2018-02-28	
Chemicals and Pertochemicals	DGBZP	Dorogobuzh ap	Дорогбж ап	Дорогобуж ПАО ап	2006-12-21	2016-02-02	
Chemicals and Pertochemicals	HIMC	Himprom ao	Химпром ао	Химпром ПАО ао	2011-12-14	2022-12-13	
Chemicals and Pertochemicals	HIMCP	Himprom ap	Химпром ап	Химпром ПАО ап	2011-12-14		
Chemicals and Pertochemicals	KAZT	Kuib.Azot ao	Куйбазот	Куйбышевазот ПАО ао	2011-12-14		
Chemicals and Pertochemicals	KAZTP	Kuibishevazot ap	Куйбазот-п	Куйбышевазот ПАО ап	2011-12-14		
Chemicals and Pertochemicals	KUOS	KNOS	КНОС-ао	Куйбышевнефтеоргсинтез (ОАО)ао	2008-10-14	2011-08-09	
Chemicals and Pertochemicals	KSGR	Koks ao	Кокс ао	Кокс ПАО ао	2011-02-04	2022-12-13	
Chemicals and Pertochemicals	KZOS	PAO Organicheskiy Sintez ao	ОргСинт ао	ПАО Органический синтез ао	2011-12-05		
Chemicals and Pertochemicals	KZOSP	PAO Organicheskiy Sintez ap	ОргСинт ап	ПАО Органический синтез ап	2011-12-05		
Chemicals and Pertochemicals	NEKK	NEKK	iНЕКК ао	НЕКК ОАО ао	2009-04-08	2014-09-19	
Chemicals and Pertochemicals	NKNC	Niznekamskneftekhim ao	НКНХ ао	Нижнекамскнефтехим ПАО ао	2008-04-04		
Chemicals and Pertochemicals	NKNCP	Niznekamskneftekhim (pref)	НКНХ ап	Нижнекамскнефтехим ПАО ап	2008-04-04		
Chemicals and Pertochemicals	PHOR	PhosAgro ao	ФосАгро ао	ФосАгро ПАО ао	2011-07-18		
Chemicals and Pertochemicals	PHOR-001D	PhosAgro ao 001D	ФосАгро 1D	ФосАгро ОАО ао 001D	2013-07-03	2013-10-22	
Chemicals and Pertochemicals	UFNC	Ufaneftekhim	Уфанефтехим-ао	Уфанефтехим ПАО ао	2004-08-06	2012-10-02	
Chemicals and Pertochemicals	UFNCP	Ufaneftekhim pref	Уфанефтехим-ап	Уфанефтехим ПАО ап	2009-04-29	2012-10-02	
Chemicals and Pertochemicals	UFOS	Ufaorgsyntez	Уфаоргсинтез-ао	Уфаоргсинтез ПАО ао	2004-08-09	2014-06-24	
Chemicals and Pertochemicals	UFOSP	Ufaorgsyntez pref	Уфаоргсинтез-ап	Уфаоргсинтез ПАО ап	2004-08-09		
Chemicals and Pertochemicals	URKA	Uralkaliy	Уркалий-ао	Уралкалий ПАО ао	2007-11-07	2022-12-13	
Chemicals and Pertochemicals	VLHZ	VHZ	ВХЗ-ао	Владимирский химич.з-д(ПАО) ао	2006-07-12		
Conglomerate	AFKS	AFK Sistema	Система ао	АФК Система ПАО ао	2007-12-12		
Conglomerate	ENPG	EN+ GROUP IPJSC ORD SHS	ЭН+ГРУП ао	МКПАО ЭН+ ГРУП ао	2020-02-18		
Conglomerate	ENPL	GDR En+Group ORD SHS	ENPL-гдр	ГДР МКПАО ЭН+ ГРУП ORD SHS	2017-11-08	2020-04-17	
Conglomerate	GRNT	CityInnovativeTechnologies ao	ГИТ ао	ГородскиеИнновацТехнологии ао	2015-10-21	2019-08-13	
Construction (Development)	APRI	APRI	АПРИ	АПРИ	2024-07-30		
Construction (Development)	ETLN	GDR ETALON GROUP PLC ORD SHS	ETLN-гдр	ГДР ETALON GROUP PLC ORD SHS	2020-02-03		
Construction (Development)	HALS	SG-Development ao	СГ-Девел	ПАО СГ-Девелопмент	2005-05-27	2021-05-17	
Construction (Development)	IDVP	PAO INVEST-DEVELOPMENT	Инв-Девел	ПАО ИНВЕСТ-ДЕВЕЛОПМЕНТ - ао	2015-03-06	2020-06-18	
Construction (Development)	INGR	INGRAD	ИНГРАД ао	ИНГРАД ПАО ао	2020-03-30		
Construction (Development)	KDSK	Kamskiy domostr. kombinat ao	КамскДК ао	Камский домостр.комбинат ОАОао	2011-03-09	2012-12-28	
Construction (Development)	LSRG	LSR	ЛСР ао	Группа ЛСР ПАО ао	2007-11-09		
Construction (Development)	MERF	Meridian ao	МЕРИДИАН	МЕРИДИАН ПАО ао	2008-11-26	2020-02-27	
Construction (Development)	PIKK	PIK SZ	ПИК ао	ПИК СЗ (ПАО) ао	2007-06-13		
Construction (Development)	PRFN	CZPSN-Profnasteel	ЧЗПСН ао	ЧЗПСН-Профнастил (ПАО) ао	2012-08-28		
Construction (Development)	RTMC	RTM	РТМ ао	РТМ ОАО ао	2007-10-26	2011-12-19	
Construction (Development)	SMLT	Samolet	Самолет ао	ГК Самолет ао	2020-10-29		
Construction (Development)	TUCH	Tuchkovsk. CSM	ТКСМ ао	Тучковский КСМ ао	2010-12-30	2016-12-02	
Construction (Development)	TUCH-001D	Tuchkovsk. CSM 001D	ТКСМ ао 1D	Тучковский КСМ ао 001D	2011-11-22		
Construction (Development)	UTSY	Edinie Tehno Sistemi PAO ao	ЕТС ао	Единые Техно Системы ПАО ао	2015-05-22	2016-02-15	
Consumer	AESL	TPG AESSEL ao	АЭССЕЛЬао	ТПГ АЭССЕЛЬ ПАО ао	2013-11-12	2017-03-01	
Consumer	ABRD	Abrau-Durso ao	АбрауДюрсо	Абрау-Дюрсо ПАО ао	2012-10-02		
Consumer	AGRO	GDR ROS AGRO PLC ORD SHS	AGRO-гдр	ГДР ROS AGRO PLC ORD SHS	2014-12-01		
Consumer	AKHA	PAVA	ПАВА ао	ОАО ПАВА ао	2005-09-02	2014-01-09	
Consumer	AQUA	INARCTIKA	ИНАРКТИКА	ПАО ИНАРКТИКА	2010-04-16		
Consumer	AVAZ	AVTOVAZ	АВТОВАЗ ао	АВТОВАЗ (ПАО) ао	2007-11-27	2019-04-09	
Consumer	AVAZP	AVTOVAZ pref.	АВТОВАЗ ап	АВТОВАЗ (ПАО) ап	2009-04-21	2019-04-09	
Consumer	PKBA	Baltika	Балтика ао	ОАО Балтика ао	2006-08-22	2012-10-08	
Consumer	BELU	NovaBev Group ao	НоваБев ао	НоваБев Групп ПАО ао	2007-11-20		
Consumer	DIXY	DIXY Group ao	ДИКСИ ао	ГК ДИКСИ ао	2007-05-22	2018-06-27	
Consumer	DMOB	ADR Delimobil Holding ORD SHS	DMOB-адр	АДР Delimobil Holding ORD SHS	2021-11-05	2021-11-05	
Consumer	DSKY	Detsky mir	ДетскийМир	ПАО Детский мир	2017-02-10		
Consumer	FIVE	GDR X5 RetailGroup N.V.ORD SHS	FIVE-гдр	ГДР X5 RetailGroup N.V.ORD SHS	2018-02-01		
Consumer	FIXP	GDR FixPrice Group PLC ORD SHS	FIXP-гдр	ГДР FixPrice Group PLC ORD SHS	2021-03-10		
Consumer	GCHE	Cherkizovo Group ao	ЧеркизГ-ао	Группа Черкизово ПАО-ао	2008-04-08		
Consumer	GTPR	GlavTorgProdukt ao	ГлТоргПрод	ГлавТоргПродукт ОАО ао	2012-10-22	2016-10-11	
Consumer	GUMM	GUM	ГУМ	ао ГУМ	1997-08-15	2015-10-26	
Consumer	HNFG	HENDERSON	ХЭНДЕРСОН	ХЭНДЕРСОН ао	2023-11-02		
Consumer	IRSG	Mezhreg.stabilizats.gruppa	МежрегСГ	Межрег.стабилизац.группа ОАО	2009-10-16	2012-12-28	
Consumer	KLNA	Kalina-ao	Калина-ао	Концерн Калина(ОАО) ао	2004-04-26	2012-02-24	
Consumer	KLVZ	KLVZ KRISTALL	Кристалл	Алкогольная Группа Кристалл	2024-02-22		
Consumer	KROT	KrasnyiOctyabr	КрасОкт-ао	КрасныйОктябрь ПАО - ао	2003-09-09		
Consumer	KROTP	KrasnyiOctabr-1(pr)	КрасОкт-1п	КрасныйОктябрь-1п	2005-01-11		
Consumer	LNTA	IPJSC Lenta dr	Лента др	МКПАО Лента др	2014-03-06	2022-04-18	
Consumer	LENT	Lenta IPJSC ORD SHS	Лента ао	Лента МКПАО ао	2021-12-01		
Consumer	MGNT	Magnit	Магнит ао	Магнит ПАО ао	2006-04-24		
Consumer	MGNT-006D	Magnit-006D	Магнит-006	Магнит ОАО ао -006D	2011-12-23	2012-04-20	
Consumer	MGVM	War and Peace Media Group ao	МедиаВиМ	Медиа гр.Война и Мир ОАО ао	2011-11-30		
Consumer	MSST	Multisistema ao	МультиСис	Мультисистема ОАО ао	2012-12-19	2019-07-11	
Consumer	MVID	M.video	М.видео	М.видео ПАО ао	2007-11-01		
Consumer	NTRI	NUTRINBESTHOLDING	НутрИнвХол	НУТРИНВЕСТХОЛДИНГ ОАО ак.об.	2007-04-27		
Consumer	OBUV	OR	ОР ао	ПАО ОР ао	2017-10-20	2021-03-25	
Consumer	ODVA	MediaHolding	Медиахолд	Медиахолдинг (ПАО) ао	2008-09-02	2016-12-02	
Consumer	OKEY	GDR OKEY Group ORD SHS	OKEY-гдр	ГДР OKEY Group S.A. ORD SHS	2020-12-14		
Consumer	ORUP	ORG	ОРГ ао	ПАО ОРГ ао	2021-03-26	2022-02-14	
Consumer	OSMP	OMPK	ОМПК ао	ОМПК ОАО ао	2008-12-12	2017-12-27	
Consumer	PRTK	PROTEK ao	ПРОТЕК ао	ПРОТЕК (ПАО) ао	2010-04-27	2020-12-29	
Consumer	RBCM	GK RBK ao	ГК РБК ао	ГК РБК ПАО ао	2011-01-19		
Consumer	ROST	ROSINTER RESTAURANTS ao	РОСИНТЕРао	РОСИНТЕР РЕСТОРАНТС (ПАО)	2008-08-11		
Consumer	RSAM	Russkie Samotsvety ao	РусСамоцв	Русские Самоцветы ОАО ао	2008-10-14	2012-09-18	
Consumer	RSEA	Russkaya Akvakultura	РусАква ао	Русская Аквакультура ПАО ао	2010-04-16	2015-06-09	
Consumer	SCON	7Kontinent	7Континент	Седьмой Континент (ОАО)	2005-03-29	2012-09-27	
Consumer	SIBG	PAO Ice stim Rus ao	АйсCтим ао	Айс стим Рус ПАО ао	2015-08-05	2019-07-04	
Consumer	SVAV	Sollers Avto	СОЛЛЕРС	ПАО СОЛЛЕРС	2005-04-22		
Consumer	SVET	Svetofor Group	Светофор	Светофор Групп ао	2021-01-15		
Consumer	SYNG	Beluga Group ao	Белуга ао	Белуга Групп ПАО ао	2007-11-20	2017-07-31	
Consumer	TGMK	TAMP	ТАМП ао	ТАМП ОАО ао	2006-02-11	2012-09-04	
Consumer	TPLF	TEPLOFON ao	iТеплофон	Теплофон ОАО  ао	2011-09-12	2013-04-19	
Consumer	TZUM	TzUM	ЦУМ-2	ЦУМ-2	2004-04-28		
Consumer	USYN	UK Sinergia OAO	УКСинергия	УК Синергия ОАО ао	2011-03-04	2012-12-28	
Consumer	VSEH	VI.ru	ВИ.ру	ВИ.ру	2024-07-05		
Consumer	WBDF	WBDF	ВБД ПП ао	ВБД ПП (ОАО) ао	2004-02-26	2014-01-10	
Consumer	WUSH	WHOOSH Holding	iВУШХолднг	ВУШ Холдинг ао	2022-12-14		
Consumer	ZHIV	Jivoy office ao	Живой Оф	Живой офис ОАО ао	2013-10-17	2017-03-01	
Consumer	ZIRE	ZIRERA OAO ao	ЗИРЕРА ао	ЗИРЕРА ОАО - ао	2011-05-20	2014-05-30	
Electricity, Utilities	ARSB	Public Joint-Stock Company Arkhangelsk Energy Retail Company	ПАО Архэнергосбыт	Публичное акционерное общество Архангельская сбытовая компания	2005-11-18	2012-08-15	
Electricity, Utilities	ARSBP	Аrhenergosbyt ap	АрханСб ап	Архангельская сбыт.комп.ОАО-ап	2005-11-18	2012-08-15	
Electricity, Utilities	ASSB	Astrakhan Energo Sbyt	АстрЭнСб	Астраханская ЭСК ПАО	2005-09-16		
Electricity, Utilities	BNSB	Bryanskenergosbyt ao	БрянЭнС ао	Брянскэнергосбыт ОАО-ао	2005-12-22	2012-06-07	
Electricity, Utilities	BNSBP	Bryanskenergosbyt ap	БрянЭнС ап	Брянскэнергосбыт ОАО-ап	2005-12-22	2012-06-07	
Electricity, Utilities	CHSB	Chita Energo Sbyt	ЧитЭнСб ао	Читаэнергосбыт ОАО ао	2006-09-29	2020-06-01	
Electricity, Utilities	CHSBP	Chita Energo Sbyt (pref)	ЧитЭнСб ап	Читаэнергосбыт ОАО ап	2006-09-29	2020-06-01	
Electricity, Utilities	CLSB	Chelyab Energo Sbyt ao	ЧелябЭС ао	Челябэнергосбыт ПАО	2005-12-09	2019-07-24	
Electricity, Utilities	CLSBP	Chelyab Energo Sbyt ap	ЧелябЭС ап	Челябэнергосбыт ПАО ап	2005-12-09	2019-07-24	
Electricity, Utilities	DASB	Dagestan energosbyt. company	ДагСб ао	ао Дагестанская энергосб.комп.	2006-01-12	2020-09-04	
Electricity, Utilities	DVEC	DEC	ДЭК ао	ДЭК ПАО ао	2007-12-13		
Electricity, Utilities	EONR	E.ON Russia	Э.ОНРоссия	Э.ОН Россия ОАО ао	2007-05-24	2016-06-30	
Electricity, Utilities	ELFV	El5-Ener	ЭЛ5Энер ао	ЭЛ5-Энерго ПАО	2014-12-01		
Electricity, Utilities	ENRU	El5-Ener	ЭЛ5Энер ао	ЭЛ5-Энерго ПАО	2014-12-01	2023-03-28	
Electricity, Utilities	FEES	FGC ROSSETI	Россети	ФСК - Россети ПАО	2008-07-16		
Electricity, Utilities	HYDR	RusGidro	РусГидро	ПАО РусГидро	2008-05-22		
Electricity, Utilities	HYDR-041D	RusGidro 041D	РусГидр41D	ОАО РусГидро041D	2014-02-25	2014-07-11	
Electricity, Utilities	IRAO	Inter RAO ao	ИнтерРАОао	Интер РАО ПАО ао	2009-12-01		
Electricity, Utilities	IRGZ	IrkutskEnrg	ИркЭнерго	Иркутскэнерго(ПАО)-ао	2003-07-10	2023-02-28	
Electricity, Utilities	IVSB	Ivenergosbyt ao	ИвЭнСб ао	Ивэнергосбыт ОАО ао	2005-09-01	2012-06-07	
Electricity, Utilities	IVSBP	Ivenergosbyt ap	ИвЭнСб ап	Ивэнергосбыт ОАО ап	2005-09-01	2012-06-07	
Electricity, Utilities	KBSB	TNS energo Kuban Company	ТНСэКубань	ТНС энерго Кубань ПАО ао	2008-02-08		
Electricity, Utilities	KCHE	Kamchatskenergo	КамчатЭ ао	Камчатскэнерго ПАО ао	2008-03-14		
Electricity, Utilities	KCHEP	Kamchatskenergo (pref)	КамчатЭ ап	Камчатскэнерго ПАО ап	2008-07-09		
Electricity, Utilities	KGKC	Kurganskaja Gener.Kompanija	КурганГКао	Курганская генер.комп.ПАО ао	2012-09-26		
Electricity, Utilities	KGKCP	Kurganskaja Gener.Kompanija ap	КурганГКап	Курганская генер. комп. ПАО ап	2012-10-22		
Electricity, Utilities	KISB	Kirov Energo Sbyt	КировЭС ао	Кировэнергосбыт ОАО	2005-12-02	2014-09-26	
Electricity, Utilities	KISBP	Kirov Energo Sbyt ap	КировЭС ап	Кировэнергосбыт ОАО	2005-12-02	2014-09-26	
Electricity, Utilities	KLSB	Kalugsk. Sbyt. Company ao	КалужскСК	аоКалужская сбыт.комп.ПАО	2005-08-26		
Electricity, Utilities	KOSB	KolEnergoSbyt	КолЭС ао	Колэнергосбыт ОАО ао	2008-10-14	2012-12-25	
Electricity, Utilities	KOSBP	KolEnergoSbyt (pref)	КолЭС ап	Колэнергосбыт ОАО ап	2011-12-08	2012-12-25	
Electricity, Utilities	KRSB	Krashojarskenergosbyt	Красэсб ао	Красноярскэнергосбыт ао	2008-10-23		
Electricity, Utilities	KRSBP	Krashojarskenergosbyt pref.	Красэсб ап	Красноярскэнергосбыт ап	2008-10-23		
Electricity, Utilities	KRSG	KrasnGES	КраснГЭС	Красноярская ГЭС(ПАО) ао	2004-02-04	2017-06-19	
Electricity, Utilities	KUBE	Rosseti Kuban	РСетКубань	Россети Кубань ПАО	2003-09-30		
Electricity, Utilities	KUSB	Kurskregionenergosby ao	КурскЭнСб	Курскрегионэнергосбыт ОАО ао	2005-08-25	2012-05-24	
Electricity, Utilities	KUSBP	Kurskregionenergosby (pref)	КурскЭнС-п	Курскрегионэнергосбыт ОАО ап	2005-08-25	2014-05-24	
Electricity, Utilities	KRGE	Kurganenergo ao	КурганЭн	Курганэнерго ОАО ао	2011-12-08	2013-03-29	
Electricity, Utilities	KRGEP	Kurganenergo ap	КурганЭн-п	Курганэнерго ОАО ап	2011-12-08	2013-03-29	
Electricity, Utilities	KZBE	KuzbassEnergo	Кузбасэнрг	Кузбасэнерго(ОАО)-ао	2008-05-13	2016-01-19	
Electricity, Utilities	LPSB	LESK ao	ЛЭСК ао	Липецкая энергосбыт.ком.ОАО ао	2005-08-16		
Electricity, Utilities	LSNG	Rosseti LenEnrg	РСетиЛЭ	Россети Ленэнерго ПАО-ао	2003-07-16		
Electricity, Utilities	LSNGP	Rosseti LenEnrg (pref)	РСетиЛЭ-п	Россети Ленэнерго ПАО-ап	2003-07-16		
Electricity, Utilities	MAGE	Magadanenergo ao	МагадЭн ао	Магаданэнерго ПАО ао	2010-11-12		
Electricity, Utilities	MAGEP	Magadanenergo ap	МагадЭн ап	Магаданэнерго ПАО ап	2010-11-12		
Electricity, Utilities	MISB	TNS energo Mariy El ao	ТНСэнМарЭл	ТНС энерго Марий Эл ПАО ао	2005-08-26		
Electricity, Utilities	MISBP	TNS energo Mariy El (pref)	ТНСэМаЭл-п	ТНС энерго Марий Эл ПАО ап	2005-08-26		
Electricity, Utilities	MRKC	Rosseti Centr	РоссЦентр	ПАО Россети Центр ао	2008-05-21		
Electricity, Utilities	MRKH	Rosseti ao	Россети ао	Российские сети ОАО ао	2008-12-09	2013-10-24	
Electricity, Utilities	MRKHP	Rosseti ap	Россети ап	Российские сети ОАО ап	2008-12-09		
Electricity, Utilities	MRKK	Rosseti Severnyy Kavkaz ao	Россети СК	Россети Сев. Кавказ ао	2008-06-19		
Electricity, Utilities	MRKP	Rosseti Centr i Privoljye ao	РСетиЦП ао	Россети Центр и Приволжье ао	2008-04-07		
Electricity, Utilities	MRKS	Rosseti Sibir	РсетСиб ао	Россети Сибирь ао	2008-06-05		
Electricity, Utilities	MRKS-014D	MRSK Sibiri - 014D	МРСКСиб014	МРСК Сибири ао - 014D	2011-12-08		
Electricity, Utilities	MRKU	Rosseti Ural ao	Россети Ур	Россети Урал (ПАО) ао	2008-06-18		
Electricity, Utilities	MRKV	Rosseti Volga	РсетВол ао	Россети Волга ао	2008-05-23		
Electricity, Utilities	MRKY	Rosseti South ao	РоссЮг ао	Россети Юг  (ПАО) ао	2008-08-22		
Electricity, Utilities	MRKZ	Rosseti Severo-Zapad	РСетиСЗ ао	ПАО Россети Северо-Запад ао	2008-05-29		
Electricity, Utilities	MRSB	Mordovskaya EnergoSbyt Comp.	МордЭнСб	Мордовск.энергсбыт.комп.ПАО ао	2005-09-01		
Electricity, Utilities	MSNG	MosEnrg	+МосЭнерго	МосЭнерго акции обыкн.	2005-01-11		
Electricity, Utilities	MSRS	Rosseti Moscow Region	РСетиМР ао	ПАО Россети Моск.рег. ао	2006-02-09		
Electricity, Utilities	MSSB	MosES	МосЭС ао	Мосэнергосбыт ПАО ао	2006-02-17	2015-12-17	
Electricity, Utilities	MSSV	MosTeploset	МосТСК ао	ао Мос.теплосет.комп ОАО	2005-12-29	2012-09-03	
Electricity, Utilities	MUGS	Murmanskaya TEC ao	МурмТЭЦ-ао	Мурманская ТЭЦ ПАО ао	2011-12-14	2018-12-26	
Electricity, Utilities	MUGSP	Murmanskaya TEC ap	МурмТЭЦ-п	Мурманская ТЭЦ ПАО ап	2011-12-14	2018-12-26	
Electricity, Utilities	NNSB	TNS energo Nizhniy-Novgorod ao	ТНСэнНН ао	ТНС энерго Нижний Новг.ПАО ао	2005-11-08		
Electricity, Utilities	NNSBP	TNS energo Nizhniy Novg. pref	ТНСэнНН ап	ТНС энерго Нижний Новг.ПАО ап	2005-11-08		
Electricity, Utilities	NVNG	Novosibirskenergo ao	Новсибэн	Новосибирскэнерго (ОАО) ао	2008-10-14	2015-12-14	
Electricity, Utilities	NVNGP	Novosibirskenergo ap	Новсибэн-п	Новосибирскэнерго (ОАО) ап	2011-12-14	2015-12-14	
Electricity, Utilities	OGKA	OGK-1	ОГК-1 ао	ОГК-1 ОАО ао	2007-07-18	2012-10-03	
Electricity, Utilities	OGKB	OGK-2	ОГК-2 ао	ОГК-2 ПАО ао	2007-06-22	2017-05-15	
Electricity, Utilities	OGKB-004D	OGK-2-004D	ОГК-2-004D	ОГК-2 ОАО ао 004D	2007-01-12	2017-05-15	
Electricity, Utilities	OGKC	OGK-3	ОГК-3 ао	ОГК-3 ОАО ао	2006-06-15	2012-10-03	
Electricity, Utilities	OGKE	Enel Russia	ЭнелРос ао	Энел Россия ОАО	2005-09-14	2014-11-28	
Electricity, Utilities	OMSB	Omskenergosbyt ao	ОмскЭнСб	Омскэнергосбыт ОАО ао	2006-06-16		
Electricity, Utilities	OMSBP	Omskenergosbyt (pref)	ОмскЭнСб-п	Омскэнергосбыт ОАО ап	2006-06-16		
Electricity, Utilities	ORSB	Orelenergosbyt ao	ОрлЭнСб ао	Орелэнергосбыт ОАО ао	2005-12-22		
Electricity, Utilities	ORSBP	Orelenergosbyt (pref)	ОрлЭнСб ап	Орелэнергосбыт ОАО ап	2005-12-22		
Electricity, Utilities	PBSB	Peterburg Sbyt.Komp.	ПетербСК	Петербургская сбытовая компания ОАО ао	2008-10-14		
Electricity, Utilities	PBSBP	Peterburg Sbyt.Komp.(pref)	ПетербСК-п	Петербургская сбытовая компания ОАО ап	2011-12-08		
Electricity, Utilities	PMSB	Perm EnergoSbyt	ПермьЭнСб	Пермэнергосбыт ПАО ао	2006-02-09		
Electricity, Utilities	PMSBP	Perm EnergoSbyt (pref)	ПермьЭнС-п	Пермэнергосбыт ПАО ап	2006-02-09		
Electricity, Utilities	PZSB	Penzaenergosbyt  ao	ПензаЭС ао	Пензаэнергосбыт ОАО ао	2005-09-13		
Electricity, Utilities	PZSBP	Penzaenergosbyt (pref)	ПензаЭС ап	Пензаэнергосбыт ОАО ап	2005-09-13		
Electricity, Utilities	RSTI	Rosseti ao	Россети ао	Российские сети ПАО ао	2014-01-06	2022-12-30	
Electricity, Utilities	RSTIP	Rosseti ap	Россети ап	Российские сети ПАО ап	2014-01-06	2022-12-30	
Electricity, Utilities	RTSB	TNS energo Rostov-na-Dony ao	ТНСэнРст	ТНС энерго Ростов. ПАО ао	2005-12-26		
Electricity, Utilities	RTSBP	TNS energo Rostov-na-Dony(prf)	ТНСэнРст-п	ТНС энерго Ростов. ПАО ап	2005-12-26		
Electricity, Utilities	RZSB	JSC Ryazanenergosbyt	РязЭнСб	Рязанская энергосб.комп ПАО	2005-09-16		
Electricity, Utilities	SAGO	SamaraEnergo ao	СамарЭн-ао	Самараэнерго (ПАО) - ао	2003-07-21		
Electricity, Utilities	SAGOP	SamaraEnergo(pref)	СамарЭн-ап	Самараэнерго (ПАО) - ап	2003-07-21		
Electricity, Utilities	SARE	SaratovEnergo ao	СаратЭн-ао	Саратовэнерго(ПАО)-ао	2011-11-24		
Electricity, Utilities	SAREP	SaratovEnergo (pref)	СаратЭн-ап	Саратовэнерго(ПАО)-ап	2011-11-24		
Electricity, Utilities	SLEN	Sakhalinenergo ao	Сахэнер ао	ПАО Сахалинэнерго ао	2017-02-06		
Electricity, Utilities	SMSB	Smolenskenergosbyt  ao	СмолЭнСб	Смоленскэнергосбыт ОАО ао	2005-08-16		
Electricity, Utilities	SMSBP	Smolenskenergosbyt  (pref)	СмолЭнСб-п	Смоленскэнергосбыт ОАО ап	2005-08-16		
Electricity, Utilities	STSB	StavropolEnergoSbyt	СтаврЭнСб	Ставрополэнергосбыт ПАО ао	2008-03-28		
Electricity, Utilities	STSBP	StavropolEnergoSbyt (pref)	СтаврЭнСбп	Ставрополэнергосбыт ПАО ап	2008-03-28		
Electricity, Utilities	SVSB	Sverdlov Energo Sbyt	СвердЭС ао	Свердловэнергосбыт ОАО ао	2006-12-21	2014-09-26	
Electricity, Utilities	SVSBP	Sverdlov Energo Sbyt (pref)	СвердЭС ап	Свердловэнергосбыт ОАО ап	2006-12-21	2014-09-26	
Electricity, Utilities	TASB	Tambov EnergoSbyt Company	ТамбЭнСб	аоТамбов.энергсбыт.комп.ПАО	2005-08-08		
Electricity, Utilities	TASBP	Tambov EnergoSbyt Comp. (pref)	ТамбЭнСб-п	апТамбов.энергсбыт.комп.ПАО	2005-08-08		
Electricity, Utilities	TGKA	TGK-1	ТГК-1	ао ПАО ТГК-1	2007-03-26		
Electricity, Utilities	TGKB	TGK-2	ТГК-2	ао ПАО ТГК-2	2006-10-20		
Electricity, Utilities	TGKBP	TGK-2 pref	ТГК-2 ап	ап ПАО ТГК-2	2007-01-30		
Electricity, Utilities	TGKD	Kvadra	Квадра	Квадра ПАО ао	2007-03-02	2023-01-24	
Electricity, Utilities	TGKDP	Kvadra (pref)	Квадра-п	Квадра ПАО ап	2007-03-27	2023-01-24	
Electricity, Utilities	TGKE	TGK-5	ТГК-5	ТГК-5 ОАО ао	2006-07-19	2014-11-27	
Electricity, Utilities	TGKF	TGK-6	ТГК-6	ТГК-6 ОАО ао	2006-10-23	2014-11-27	
Electricity, Utilities	TGKI	TGK-9	ТГК-9	ТГК-9 ОАО ао	2006-09-22	2014-11-27	
Electricity, Utilities	TGKJ	Forward Energy	Форвард Эн	Форвард Энерго ПАО ао	2023-03-22		
Electricity, Utilities	TGKK	TGK-11	ТГК-11	ао ОАО ТГК-11	2007-12-28		
Electricity, Utilities	ETGK	TGK-13	ТГК-13	ОАО Енисейская ТГК (ТГК-13)	2008-02-15	2012-10-05	
Electricity, Utilities	TGKN	TGK-14	ТГК-14	ао ПАО ТГК-14	2007-01-25		
Electricity, Utilities	TGVK	Tulagorvodokanal ao	ТулаГВК ао	Тулагорводоканал ОАО ао	2011-12-16	2012-10-08	
Electricity, Utilities	TLSB	Tulaenergosby ao	ТулаЭнСб	Тулаэнергосбыт ОАО ао	2005-10-14		
Electricity, Utilities	TNSE	PAO GK TNS energo ao	ТНСэнрг ао	ПАО ГК ТНС энерго ао	2015-06-17		
Electricity, Utilities	TORS	PAO Rosseti Tomsk ao	РСТомск ао	ао ПАО Россети Томск	2005-12-28		
Electricity, Utilities	TORSP	PAO Rosseti Tomsk ap	РСТомск ап	ап ПАО Россети Томск	2005-12-28		
Electricity, Utilities	TOSB	Tomsk Power Supply Company Joint-Stock Company	АО Томскэнергосбыт	Акционерное общество Томская энергосбытовая компания	2005-11-08		
Electricity, Utilities	TOSBP	Tomskenergosbyt (pref)	ТомскЭнСбп	Томская энергсбыт.комп.ОАО ап	2005-11-08		
Electricity, Utilities	TVSB	TverEnergoSbyt	ТверЭнСб	Тверьэнергосбыт ОАО ао	2005-08-09		
Electricity, Utilities	TVSBP	TverEnergoSbyt (pref)	ТверЭнСб-п	Тверьэнергосбыт ОАО ап	2005-08-09		
Electricity, Utilities	UDSB	Udmurt Energo Sbyt	УдмуртЭС	Удмурт.энергосбыт.комп ОАО	2005-10-07	2014-09-26	
Electricity, Utilities	UDSBP	Udmurt Energo Sbyt (pref)	УдмуртЭС-п	Удмурт.энергосбыт.компОАО-п	2005-10-07	2014-09-26	
Electricity, Utilities	UPRO	Unipro PAO ao	Юнипро ао	Юнипро ПАО ао	2007-05-24		
Electricity, Utilities	VDSB	VEK ao	ВЭК 01 ао	Владимирэнергосбыт ПАО	2005-08-31	2020-03-18	
Electricity, Utilities	VGSB	Volgograd Energo Sbyt	ВолгЭнСб	Волгоград.энергосбыткомп ПАО	2005-09-16		
Electricity, Utilities	VGSBP	Volgograd Energo Sbyt (pref)	ВолгЭнСб-п	Волгоград.энергосбыткомп ПАО	2005-09-16		
Electricity, Utilities	VOSB	Public joint-stock company Vologda Energy Retail Company	ПАО Вологдаэнергосбыт	Публичное акционерное общество Вологодская сбытовая компания	2006-09-15		
Electricity, Utilities	VTGK	T Plus ao	ТПлюс ао	Т Плюс ПАО ао.	2007-11-09	2016-12-16	
Electricity, Utilities	VRAO	RAO ES Vostoka ao	ВостРАО ао	РАО ЭС Востока ПАО ао	2008-12-02	2017-10-04	
Electricity, Utilities	VRAOP	RAO ES Vostoka ap	ВостРАО ап	РАО ЭС Востока ПАО ап	2010-02-09	2017-10-04	
Electricity, Utilities	VRSB	TNS energo Voroneg ao	ТНСэнВорон	ТНС энерго Воронеж ПАО ао	2005-10-14		
Electricity, Utilities	VRSBP	TNS energo Voroneg ap	ТНСэнВор-п	ТНС энерго Воронеж ПАО ап	2005-10-14		
Electricity, Utilities	YKEN	YakutskEnergo	Якутскэнрг	АК Якутскэнерго (ПАО) ао	2004-12-02		
Electricity, Utilities	YKENP	YakutskEnergo ap	Якутскэн-п	АК Якутскэнерго (ПАО) ап	2008-07-17		
Electricity, Utilities	YRSB	TNS energo Yaroslavl ao	ТНСэнЯр	ТНС энерго Ярославль ПАО ао	2005-08-29		
Electricity, Utilities	YRSBP	TNS energo Yaroslavl (pref)	ТНСэнЯр-п	ТНС энерго Ярославль ПАО ап	2005-08-29		
Energy (Oil, Gas, Coal)	BANE	Bashneft ANK ao	Башнефт ао	Башнефть АНК ао	2011-11-18		
Energy (Oil, Gas, Coal)	BANEP	Bashneft ANK ap	Башнефт ап	Башнефть АНК ап	2011-11-18		
Energy (Oil, Gas, Coal)	BEGY	Bashkirenergo	БашЭнрг ао	Башкирэнерго ОАО ао	2008-08-28	2012-10-05	
Energy (Oil, Gas, Coal)	BEGYP	Bashkirenergo ap	БашЭнрг ап	Башкирэнерго ОАО ап	2011-10-20	2012-10-05	
Energy (Oil, Gas, Coal)	BLNG	Belon ao	Белон ао	Белон ОАО ао	2009-01-16		
Energy (Oil, Gas, Coal)	CHGZ	RN-Western Siberia ao	РН-ЗапСиб	РН-Западная Сибирь ПАО ао	2011-12-14		
Energy (Oil, Gas, Coal)	EUTR	EvroTrans	ЕвроТранс	ЕвроТранс ао	2023-11-21		
Energy (Oil, Gas, Coal)	GAZP	Gazprom	ГАЗПРОМ ао	Газпром (ПАО) ао	2006-01-23		
Energy (Oil, Gas, Coal)	GAZS	Gaz-servis ao	ГАЗ-сервис	ГАЗ-сервис (ПАО) ао	2011-09-28	2017-05-15	
Energy (Oil, Gas, Coal)	GAZS-002D	Gaz-servis ao 002D	ГАЗсервис2	ГАЗ-сервис (ОАО) ао 002D	2011-12-16	2017-05-15	
Energy (Oil, Gas, Coal)	JNOS	Slavneft-JANOS	Славн-ЯНОС	Славнефть-ЯНОС (ПАО) ао	2008-10-14		
Energy (Oil, Gas, Coal)	JNOSP	Slavneft-JANOS (pref)	Слав-ЯНОСп	Славнефть-ЯНОС (ПАО) ап	2010-07-22		
Energy (Oil, Gas, Coal)	KBTK	Kuzbas.Topl. Kompaniya ao	КузбТК ао	Кузбас.Топл.Комп. ПАО ао	2010-05-11	2021-06-21	
Energy (Oil, Gas, Coal)	KRKN	Saratovskiy NPZ ao	СаратНПЗ	Саратовский НПЗ ПАО ао	2011-12-08		
Energy (Oil, Gas, Coal)	KRKNP	Saratovskiy NPZ ap	СаратНПЗ-п	Саратовский НПЗ ПАО ап	2011-12-08		
Energy (Oil, Gas, Coal)	LKOH	LUKOIL	ЛУКОЙЛ	НК ЛУКОЙЛ (ПАО) - ао	2003-08-20		
Energy (Oil, Gas, Coal)	MFGS	Megion	Мегион-ао	ао Славнефть-Мегионнефтегаз	2005-01-11		
Energy (Oil, Gas, Coal)	MFGSP	Megion (pref)	Мегион-ап	ап Мегионнефтегаз	2005-01-11		
Energy (Oil, Gas, Coal)	MNPZ	Gazpromneft-MNPZ	ГазпрМНПЗ	Газпромнефть-МНПЗ ОАО ао	2008-12-12	2014-11-14	
Energy (Oil, Gas, Coal)	NVTK	NOVATEK	Новатэк ао	ПАО НОВАТЭК ао	2006-08-18		
Energy (Oil, Gas, Coal)	NZGZ	Nizhnevartovskneftegaz	НижНФГЗ ао	Нижневартовскнефтегаз ао	2008-10-14		
Energy (Oil, Gas, Coal)	RNFT	RussNeft NK	РуссНфт ао	РуссНефть НК ПАО ао	2016-11-18		
Energy (Oil, Gas, Coal)	RNHS	RN Holding ao	РН Холд ао	РН Холдинг ОАО ао	2013-10-28	2014-08-15	
Energy (Oil, Gas, Coal)	RNHSP	RN Holding ap	РН Холд ап	РН Холдинг ОАО ап	2013-10-28	2014-08-15	
Energy (Oil, Gas, Coal)	ROSN	Rosneft	Роснефть	ПАО НК Роснефть	2006-07-19		
Energy (Oil, Gas, Coal)	RTGZ	Gazprom gazorasp. Rostov ao	ГР Ростов	Газпром газорасп Р-н-Д ПАО ао	2012-11-07		
Energy (Oil, Gas, Coal)	SIBN	Gazprom neft	Газпрнефть	Газпром нефть ПАО ао	2003-07-10		
Energy (Oil, Gas, Coal)	SKRN	SUEK-Krasnoyarsk	СУЭК-Красн	СУЭК-Красноярск ОАО ао	2009-12-18	2013-03-29	
Energy (Oil, Gas, Coal)	SNGS	Surgut	Сургнфгз	Сургутнефтегаз ПАО акции об.	2005-01-11		
Energy (Oil, Gas, Coal)	SNGSP	Surgut-pref	Сургнфгз-п	Сургутнефтегаз ПАО ап	2005-01-11		
Energy (Oil, Gas, Coal)	SNOS	Gazprom neftehim Salavat ao	ГПНХСал ао	Газпром нефтехим Салават  ОАО	2010-04-06	2014-05-30	
Energy (Oil, Gas, Coal)	TATN	Tatneft-3	Татнфт 3ао	ПАО Татнефть ао	2005-01-11		
Energy (Oil, Gas, Coal)	TATNP	Tatneft (pref)	Татнфт 3ап	ПАО Татнефть ап 3 вып.	2005-01-11		
Energy (Oil, Gas, Coal)	TNBP	RN Holding ao	РН Холд ао	РН Холдинг ОАО ао	2010-12-06	2013-10-25	
Energy (Oil, Gas, Coal)	TNBPP	RN Holding ap	РН Холд ап	РН Холдинг ОАО ап	2010-12-06	2013-10-25	
Energy (Oil, Gas, Coal)	TRNFP	Transneft (pref)	Транснф ап	Транснефть ПАО акц.пр.	2008-01-14		
Energy (Oil, Gas, Coal)	UKUZ	Uzhnyi Kuzbass	ЮжКузб. ао	Южный Кузбасс ПАО ао	2008-08-28		
Energy (Oil, Gas, Coal)	VJGZ	Vareganneftegaz ao	Варьеган	ННК-Варьеганнефтегаз ПАО ао	2011-12-14		
Energy (Oil, Gas, Coal)	VJGZP	Vareganneftegaz ap	Варьеган-п	ННК-Варьеганнефтегаз ПАО ап	2011-12-14		
Energy (Oil, Gas, Coal)	YAKG	YaTEK ao	ЯТЭК ао	Якутская топл.-энерг. комп. ао	2011-12-09		
Financials	ABBN	Bank of Astana	БанкАстаны	АО Банк Астаны	2017-12-05	2018-09-27	
Financials	ACKO	ASKO ao	АСКО ао	АСКО ПАО ао	2017-07-11		
Financials	ALBK	Best Efforts Bank ao	БестЭфБ ао	Бест Эффортс Банк ПАО ао	2012-05-15	2021-10-11	
Financials	ANGA	ANGA	Ангара ао	Ангара ИЦ ОАО ао	2007-05-15	2014-05-30	
Financials	ARSA	UK Arsagera	Арсагера	УК Арсагера ПАО-ао	2008-04-07		
Financials	AVAN	AKB AVANGARD	Авангрд-ао	АКБ АВАНГАРД ПАО ао	2012-07-09		
Financials	BACT	Public Joint-Stock Company BiznesAktiv	ОАО БизнесАктив	Открытое акционерное общество БизнесАктив	2009-09-30	2012-12-28	
Financials	BSPB	BSP	БСП ао	ПАО Банк Санкт-Петербург ао	2008-03-19		
Financials	BSPBP	BSP ap	БСП ап	Банк Санкт-Петербург ап	2021-01-26		
Financials	CARM	STG	СТГ	СТГ ао	2023-07-03		
Financials	CBOM	MKB ao	МКБ ао	МКБ ПАО ао	2015-06-22		
Financials	CITB	KIT Finans Bank ao	КитФинБ ао	КИТ Финанс Инвест. Банк ОАО ао	2011-12-16	2014-05-08	
Financials	DERZP	DERZHAVA pref	Держава ап	Держава ап	2020-10-09	2022-12-13	
Financials	DIKO	DIK ao	ДИК ао	Дон.инвест.компания (ОАО) ао	2010-05-31	2012-12-28	
Financials	DLVB	DalVostochny Bank	ДальВостБ	Дальневосточный банк ОАО	2000-08-07	2017-05-15	
Financials	DLVBP	DalVostochny Bank p	ДальВостБп	Дальневосточный банк ОАО	2005-06-07	2017-05-15	
Financials	ELSI	Ligal Capital Investments ao	ЛигалКэп	Лигал Кэпитал Инвестментс ОАО	2011-11-18	2012-12-28	
Financials	EMTI	Asset management technologies	ЭссетМен	Эссет менеджмент технолоджиз	2011-11-18	2012-12-28	
Financials	EPLN	SAFMAR Fin.Invest. ao	САФМАР ао	САФМАР Фин.Инвестиции ПАО ао	2015-12-04	2017-12-29	
Financials	EPLN-002D	Europlan 002D	Европлан2D	Европлан ПАО ао 002D	2016-11-28	2017-03-27	
Financials	ERAV	Era Vodoleya	ЭраВодолея	Эра Водолея (инв.компания) ОАО	2010-08-03	2012-12-28	
Financials	ERMK	Ermak-invest	ЕрмакИнв	Ермак-инвест ОАО ао	2009-07-14	2012-12-28	
Financials	FLKO	FLK	ФЛК 01	ОАО Финанс-Лизинг	2004-05-18	2013-11-28	
Financials	FSRV	FinServis	ФинСерв ао	ФинСервис (ОАО) ао	2009-09-30	2012-12-28	
Financials	FTRE	FG FUTURE ao	БУДУЩЕЕ ао	Финансовая группа БУДУЩЕЕ ао	2016-10-20	2020-04-09	
Financials	GAZC	Gazkon ao	ГАЗКОН-ао	ГАЗКОН (ПАО) ао	2011-09-28	2017-05-15	
Financials	GAZC-002D	Gazkon ao 002D	ГАЗКОН-02D	ГАЗКОН (ОАО) ао 002D	2011-12-16	2017-05-15	
Financials	GAZT	GAZ-Tek PAO ao	ГАЗ-Тек ао	ГАЗ-Тек ПАО ао	2012-01-26		
Financials	GAZT-001D	GAZ-Tek OAO ao 001D	ГАЗ-Тек 1D	ГАЗ-Тек ОАО ао 001D	2012-01-26		
Financials	GTLC	PAO GTL ao	ПАОДжиТиЭл	ПАО ДжиТиЭл ао	2013-02-22	2016-03-18	
Financials	HMBO	Khanty-M bank Otkritie ao	ХМБОткр ао	ПАО Ханты-М банк Открытие ао	2015-04-01	2016-08-19	
Financials	KUZB	Bank Kuzneckiy	КузнецкийБ	Банк Кузнецкий ПАО ао	2012-09-05		
Financials	LEAS	Europlan	Европлан	ПАО «ЛК «Европлан»	2024-03-29		
Financials	LINK	Link Holdings ao	Линк Холд	Линк Холдингс (ОАО) ао	2011-11-11	2017-05-15	
Financials	MBNK	MTS Bank	МТС Банк	МТС-Банк ао	2024-04-26		
Financials	MFBA	Moskovskaya Fond. Birja OAO ao	МФБ ао	Московская Фонд. Биржа ОАО ао	2011-04-07		
Financials	MGKL	MGKL	МГКЛ	МГКЛ ао	2023-12-28		
Financials	MMBM	BM-Bank	БМ-Банк	БМ-Банк акции об.	1994-12-28	2016-08-30	
Financials	MNFD	MN-fond ao	МН-фонд ао	МН-фонд ПАО ао	2011-03-18	2019-03-18	
Financials	MOEX	MoscowExchange	МосБиржа	ПАО Московская Биржа	2013-02-04		
Financials	MOBB	Moskovskii oblastnoi bank PAO	МосОблБанк	Московский областной банк ПАО	2012-07-20	2021-09-14	
Financials	NBTR	NB TRAST ao	ТРАСТ ао	НБ ТРАСТ ОАО ао	2014-03-19	2015-03-20	
Financials	NMOS	OTKRITIE FK Bank OAO ao	ОткрФКБ ао	ОАО ОТКРЫТИЕ ФК Банк ао	2011-04-19	2014-11-28	
Financials	OFCB	OTKRITIE FK Bank PAO ao	ОткрФКБ ао	ПАО ОТКРЫТИЕ ФК Банк ао	2014-12-01	2017-12-01	
Financials	OPIN	INGRAD	ИНГРАД ао	ИНГРАД ПАО ао	2008-08-28	2020-03-27	
Financials	OPTI	Optima Invest ao	ОптИнв ао	Оптима Инвест ОАО ао	2009-12-10	2012-12-28	
Financials	OSFD	Ob.Sibirskiy Fond	ОбСибФ ао	Объединенный Сибирский Фонд (ОАО) ао	2009-09-10		
Financials	PETR	Petrokommerzbank ao	Петр ао	Петрокоммерц КБ ОАО ао	2011-12-09	2015-06-11	
Financials	PETR02	Petrokommerzbank 02 ao	Петр02 ао	Петрокоммерц КБ ОАО ао 02	2011-12-09		
Financials	PETR03	Petrokommerzbank 03 ao	Петр03 ао	Петрокоммерц КБ ОАО ао 03	2011-12-09		
Financials	PETR04	Petrokommerzbank 04 ao	Петр04 ао	Петрокоммерц КБ ОАО ао 04	2011-12-09		
Financials	PETR05	Petrokommerzbank 05 ao	Петр05 ао	Петрокоммерц КБ ОАО ао 05	2011-12-09		
Financials	PETR06	Petrokommerzbank 06 ao	Петр06 ао	Петрокоммерц КБ ОАО ао 06	2011-12-09		
Financials	PRIN	Proektnie Investitsii	ПроектИ ао	ПРОЕКТНЫЕ ИНВЕСТИЦИИ (ОАО) ао	2009-12-28		
Financials	PRMB	AKB Primorye	Приморье	АКБ Приморье ао	2011-05-03		
Financials	PRMI	PROMINVEST ao	ПРОМИНВЕСТ	ПРОМИНВЕСТ ОАО ао	2012-03-05		
Financials	PSBR	Promsvyazbank PAO ao	Промсвб ао	Промсвязьбанк ПАО ао	2012-10-10	2018-01-17	
Financials	QIWI	QIWI PLC	iQIWI	QIWI PLC	2013-10-08		
Financials	RAVN	Raven Property Group Limited	Raven	Raven Property Group Limited	2018-10-03	2022-06-28	
Financials	RDRB	RosDor Bank ao	РДБанк ао	РоссийскийДорож Банк ПАО ао	2013-10-31		
Financials	REBR	Region. bank razvitiya ao	РегБР ао	Регион.банк развития (ПАО) ао	2010-04-27	2015-12-29	
Financials	RENI	Renaissance Insurance	Ренессанс	Ренессанс Страхование ао	2021-10-20		
Financials	RGSS	Rosgosstrakh ao	РГС СК ао	Росгосстрах СК ПАО ао	2013-11-19		
Financials	ROSB	ROSBANK	Росбанк ао	РОСБАНК ПАО ао	2006-01-30		
Financials	RSTR	PIF IndexRTSStandard UKSber	ПИФИндРТС	ПИФИндексРТС Стандарт УКСбер	2011-11-21	2013-08-09	
Financials	RUSI	RUSS-INVEST IC ao	ИКРУСС-ИНВ	РУСС-ИНВЕСТ ИК ПАО ао	2011-11-23		
Financials	RVST	Public Joint-Stock Company ROSINVEST	ОАО РОСИНВЕСТ	Открытое акционерное общество РОСИНВЕСТ	2010-09-28		
Financials	SBER	Sberbank	Сбербанк	Сбербанк России ПАО ао	2007-07-20		
Financials	SBERP	Sberbank (pref)	Сбербанк-п	Сбербанк России ПАО ап	2007-07-20		
Financials	SFIN	SFI ao	ЭсЭфАй ао	ЭсЭфАй ПАО ао	2015-12-04		
Financials	SPBE	SPB Exchange	СПБ Биржа	СПБ Биржа ао	2021-11-19		
Financials	SVCB	Sovcombank	Совкомбанк	Совкомбанк ао	2023-12-15		
Financials	TAVR	Bank Tavricheskyi	Таврическ.	Банк Таврический(ОАО) -ао	2007-09-12	2015-04-13	
Financials	TCBN	TransKreditBank	ТрКред ао	ОАО ТрансКредитБанк ао	2008-02-04	2013-11-07	
Financials	TCSG	IPJSC TCS Holding	ТКСХолд ао	ТКС Холдинг МКПАО ао	2019-10-28		
Financials	TFKF	TFK-Finance ao	ТФК-Финанс	ТФК-Финанс ао	2014-05-05	2016-03-10	
Financials	TFKF-001D	TFK-Finance  ao 001D	ТФК-Ф ао01	ТФК-Финанс  ао 001D	2013-12-18	2015-01-26	
Financials	TSKA	TSK-1 ao	ТСК-1 ао	ТСК-1 ОАО ао	2010-12-24	2012-12-28	
Financials	UCSS	PAO OKS ao	ОКС ао	ПАО ОКС ао	2013-05-14		
Financials	URFD	UKORF ao	УКОРФ ао	УК Объед.резерв.фондов ПАО ао	2011-02-10	2017-06-29	
Financials	USBN	BANK URALSIB ao	УралСиб ао	БАНК УРАЛСИБ ПАО ао	2011-12-14		
Financials	VTBR	VTB	ВТБ ао	ао ПАО Банк ВТБ	2007-05-28		
Financials	VZRZ	Vozrojdenie	Возрожд-ао	Банк Возрождение-ао	2005-01-11	2021-06-10	
Financials	VZRZP	Vozrojdenie (pref)	Возрожд-п	Банк Возрождение - ап	2005-01-11	2021-06-10	
Financials	WTCM	CMT	ЦМТ ао	Центр междун. торговлиПАО ао	2007-09-27		
Financials	WTCMP	CMT (pref)	ЦМТ ап	Центр междун. торговлиПАО ап	2007-09-27		
Financials	YKST	Strategia	Стратег ао	УК Стратегия ОАО ао	2009-02-09	2012-12-28	
Financials	YRSL	Bank VVB ao	БанкВВБ ао	ПАО Банк ВВБ ао	2004-05-21	2016-01-18	
Financials	ZAPD-004D	Zapadny Bank ao 004D	Запад ао04	Западный Банк ао 004D	2013-08-09	2014-07-21	
Financials	ZAYM	Zaymer	Займер ао	Займер ао	2024-04-12		
Health Care	APTK	Apteki 366	Аптеки36и6	ПАО Аптечная сеть 366 ао	2005-12-21		
Health Care	EM44	GDR UNITED MEDICAL GROUP EM44	EM44-гдр	ГДР ЕвроМедЦентр EM44	2021-07-15	2022-12-13	
Health Care	FORTP	Fort OAO ap	Форт ап	Форт ОАО ап	2012-02-10	2017-04-13	
Health Care	GECO	GENETICO	iГЕНЕТИКО	ЦГРМ ГЕНЕТИКО ао	2023-04-25		
Health Care	GEMA	IMCB PJSC	iММЦБ ао	ПАО ММЦБ ао	2019-07-25		
Health Care	GEMC	IPJSC UMG	МКПАО ЮМГ	Юнайтед Медикал Груп ПАО	2021-07-15		
Health Care	ISKJ	ARGEN ao	iАРТГЕН ао	ПАО Артген	2006-05-23	2023-06-19	
Health Care	ABIO	ARTGEN ao	iАРТГЕН ао	ПАО Артген	2006-05-23		
Health Care	LIFE	Farmsintez ao	Фармсинтез	Фармсинтез ПАО ао	2010-11-24		
Health Care	MDMG	MD Medical Group IPJSC	MDMG-ао	МКПАО «МД Медикал Груп»	2020-11-09		
Health Care	OTCP	Otisifarm ao	Отисифарм	Отисифарм ПАО	2014-12-30	2018-07-23	
Health Care	PHST	Pharmstandard JSC	Фармстанд	Фармстандарт ПАО ао	2007-07-06	2017-03-23	
Health Care	PRMD	PROMOMED	ПРОМОМЕД	ПРОМОМЕД	2024-07-12		
Health Care	VRPH	VEROFARM	ВЕРОФАРМ	ВЕРОФАРМ ПАО ао	2006-12-25	2015-03-20	
Industrials	AMEZ	Ashinckiy metzavod PAO	АшинскийМЗ	Ашинский метзавод ПАО ао	2008-08-28		
Industrials	APDS	Apparatura dal. svyazi ao	АпДалСв ао	Аппарат. дальней связи ОАО ао	2010-06-07	2012-08-14	
Industrials	APDSP	Apparatura dal. svyazi ap	АпДалСв ап	Аппарат. дальней связи ОАО ап	2010-06-07	2012-08-14	
Industrials	CHKZ	CKPZ	ЧКПЗ ао	ЧКПЗ ПАО ао	2008-12-12		
Industrials	CHMZ	ChMW ao	ЧМЗ ао	Чусовской мет.завод ОАО ао	2011-12-08	2012-07-10	
Industrials	CHMZ-001D	ChMW 001D ao	ЧМЗ-01D ао	Чусовской мет.завод ОАО 001D	2011-12-08	2012-07-10	
Industrials	DALM	Dalnevostochnii EnergoMash ao	iэнергомаш	Дальневост. завод знергомаш ао	2013-08-08	2016-06-28	
Industrials	DIOD	Zavod DIOD ao	ЗаводДИОД	Завод ДИОД ПАО ао	2010-06-09		
Industrials	DZRD	DZRD ao	ДонскЗР	Донской завод радиодеталей ао	2010-12-30		
Industrials	DZRDP	DZRD pref.	ДонскЗР п	Донской завод радиодеталей ап	2010-12-30		
Industrials	EELT	European Eltech	ЕвроЭлтех	ЕвропЭлектротехника ПАО ао	2017-09-07		
Industrials	ELMT	ELEMENT	Элемент	Элемент	2024-06-06		
Industrials	ERCO	Energ.Rus.Company ao	ЭРКО ао	Энерг.Рус.Компания ОАО ао	2011-12-14	2018-03-06	
Industrials	ERCO02	Energ.Rus.Company ao 02	ЭРКО 2 ао	Энерг.Рус.Компания ОАО ао 2в.	2011-12-14	2018-03-06	
Industrials	ERCO03	Energ.Rus.Company ao 03	ЭРКО 3 ао	Энерг.Рус.Компания ОАО ао 3в.	2011-12-14	2018-03-06	
Industrials	ERCO04	Energ.Rus.Company ao 04	ЭРКО 4 ао	Энерг.Рус.Компания ОАО ао 4в.	2011-12-14	2018-03-06	
Industrials	GAZA	Gaz ao	ГАЗ ао	ГАЗ ПАО ао	2011-12-16		
Industrials	GAZAP	Gaz (pref)	ГАЗ ап	ГАЗ ПАО ап	2018-03-30		
Industrials	GRAZ	Gruppa Razguliay ao	Разгуляй	Группа Разгуляй (ПАО)-ао	2005-11-03	2017-05-11	
Industrials	GTSS	GEOTECH Seismic Services ao	ГЕОТЕК ао	ГЕОТЕК Сейсморазведка ПАО ао	2015-08-07	2022-09-29	
Industrials	HMSG	GDR Hydraulic M&S Gr ORD SHS	HMSG-гдр	ГДР Hydraulic M&S Gr ORD SHS	2021-05-25		
Industrials	IRKT	Yakovlev-3	Яковлев-3	Яковлев ПАО ак.об.-3	2005-01-11		
Industrials	KHEL	Kazanskyi vertoletn. zavod ao	КазанскВЗ	Казанский вертолет. завод ОАО	2008-08-28	2012-10-01	
Industrials	KHELP	Joint Stock Company Kazan Helicopters	АО Казанский вертолетный завод	Акционерное общество Казанский вертолетный завод	2013-10-29		
Industrials	KMAZ	KAMAZ	КАМАЗ	КАМАЗ ПАО	2004-02-26		
Industrials	KMEZ	Kovrov Mech. Zavod	КМЗ	Ковровский механический завод	2009-09-07		
Industrials	KOMM	BF Kommunar ao	Коммунар	Бумажная фабрика Коммунар ОАО	2011-12-09	2014-11-14	
Industrials	KRKO	TKZ Krasny Kotelshchik ao	ТКЗКК ао	ТКЗ Красный котельщик ПАО ао	2011-12-09	2022-12-13	
Industrials	KRKOP	TKZ Krasny Kotelshchik ap	ТКЗКК ап	ТКЗ Красный котельщик ПАО ап	2011-12-09		
Industrials	KTSB	KSB	КСБ ао	Костромск.сбыт.комп АО	2005-08-18		
Industrials	KTSBP	KSB ap	КСБ ап	Костромск.сбыт.комп АО	2005-08-18		
Industrials	KUNF	KUZOCM ao	КУЗОЦМ ао	Каменск-Уральский завод ПАО ао	2011-12-14	2021-10-11	
Industrials	KUSTP	Kubanskaya step (pref)	КубанСт ап	Кубанская степь ПАО ап	2010-07-08	2015-11-27	
Industrials	KZMS	PAO Krasn zav met setok ORD	КЗМС	ПАО КЗМС ао	2006-05-11	2022-12-13	
Industrials	LOMO	LOMO ao	ЛОМО ао	ЛОМО ОАО ао	2011-12-08	2012-08-10	
Industrials	LOMOP	LOMO ap	ЛОМО ап	ЛОМО ОАО ап	2011-12-08	2012-08-10	
Industrials	LVHK	Levenguk ao	Левенгук	Левенгук ПАО ао	2012-11-28		
Industrials	MASZ	Mash.Zavod ao	МашЗавод	Машиностроит. завод ПАО ао	2011-12-09	2015-11-11	
Industrials	MORI	Morion ao	Морион ао	Морион ПАО ао	2011-12-14	2022-12-13	
Industrials	MOTZ	Motovilihinskie zavody	Мотовил ао	Мотовилихинские заводы ао	2009-02-20	2018-04-04	
Industrials	MSTT	Mostotrest	Мостотрест	ПАО МОСТОТРЕСТ ао	2010-11-03		
Industrials	NAUK	NPO Nauka ao	iНПОНаука	НПО Наука ао	2011-12-15		
Industrials	NFAZ	NEFAZ PAO ao	НЕФАЗ	НЕФАЗ ПАО ао	2011-09-09		
Industrials	NKSH	Nizhnekamskshina ao	Нижкамшина	Нижнекамскшина ПАО ао	2011-12-14		
Industrials	NPE1	Promavtomatika	Промавт-ао	Промавтоматика НПО (ОАО) ао	2008-10-10		
Industrials	NPOF	PAO FIZIKA ORD	Физика	ПАО НПО ФИЗИКА ао	2001-04-18	2022-12-13	
Industrials	NSVZ	Nauka-Svyaz ao	iНаукаСвяз	Наука-Связь ПАО ао	2011-12-13		
Industrials	OMSH	Omskshina ao	Омскшина	Омскшина  (ПАО)	2010-03-09		
Industrials	OMZZ	OMZ	ОМЗ-ао	аоОбъединён. маш. заводы	2004-09-28	2014-08-07	
Industrials	OMZZP	OMZ (pref)	ОМЗ-ап	апОбъединён.  маш. заводы	2004-09-28		
Industrials	PAZA	Pavlovo Bus ao	ПавлАвт ао	Павловский автобус ПАО ао	2011-12-08		
Industrials	PDMS	Podolskiy mash.zavod ao	ПодМашЗ ао	Подольский маш.завод ОАО ао	2011-12-08		
Industrials	PLNT	Planeta ao	Планета ао	Планета ОАО ао	2012-03-28	2012-12-28	
Industrials	PLSM	Plazmek ao	Плазмек	Плазмек ПАО ао	2011-08-31	2019-06-19	
Industrials	PMOT	Permskie motory	ПермМот ао	Пермские моторы (ОАО) ао	2008-10-14	2013-10-11	
Industrials	PTRM	ProfTehResurs M ao	ПрофТехР М	ПрофТехРесурс М ОАО ао	2012-03-28		
Industrials	RKKE	RKK Energia	ЭнергияРКК	РКК Энергия им.С.П.Королева ао	2008-05-29		
Industrials	RLMN	Rollman GK ao	Роллман	Группа Компаний Роллман ПАО ао	2012-12-19	2020-11-13	
Industrials	RLMNP	Rollman GK ap	Роллман-п	Группа Компаний Роллман ПАО ап	2014-05-05	2020-11-13	
Industrials	RNAV	RNT ao	РНТ	РНТ ОАО ао	2010-07-07	2015-07-17	
Industrials	RODNP	Rodina (pref)	Родина ап	Родина ПАО ап	2010-07-08	2017-05-04	
Industrials	RUGR	Rusgrain Holding ao	Русгрэйн	Русгрэйн Холдинг ПАО ао	2010-08-13	2022-11-25	
Industrials	SGZH	Segezha	Сегежа	Сегежа ао	2021-04-28		
Industrials	SELL	Selestra	Селестра	Селестра (ОАО) ао	2009-04-03	2017-03-01	
Industrials	SEMZ	SEMZ ao	СЭМЗ ао	СофринЭкспМехЗавод ОАО ао	2010-10-22	2015-05-19	
Industrials	SILM	Silovye Mashiny	Силовые машины	Силовые машины - ЗТЛ, ЛМЗ, Электросила, Энергомашэкспор	2003-05-23	2013-05-20	
Industrials	SXPNP	Novoplastunovskoe (pref)	Новопл ап	Новопластуновское ПАО ап	2010-07-08	2015-09-21	
Industrials	TANL	TANTAL ao	ТАНТАЛ ао	ТАНТАЛ ПАО ао	2011-12-09	2019-10-08	
Industrials	TANLP	TANTAL ap	ТАНТАЛ ап	ТАНТАЛ ПАО ап	2011-12-09	2019-10-08	
Industrials	TGKO	Taganrogskiy komb.zavod ao	ТКЗ ао	Таганрогский комб.завод ОАО ао	2011-12-08	2015-10-27	
Industrials	TRAV	Travers ao	Траверс ао	Траверс ОАО ао	2011-12-09	2014-09-16	
Industrials	TRUDP	Trud PAO ap	Труд ап	Труд ПАО ап	2012-02-10	2016-07-14	
Industrials	TUMA	Tulamashzavod	Туламашзавод	Туламашзавод	2009-07-06		
Industrials	TUMAP	Tulamashzavod pref	Туламашзавод ап	Туламашзавод ап	2009-07-06		
Industrials	TUZA	Tuimaz. Zavod Avtobetonovozov	ТЗА ао	Туймаз. завод автобетоновозов	2008-08-28		
Industrials	UAZA	UAZ	УАЗ ао	ао УАЗ (ОАО)	2005-12-29	2015-07-07	
Industrials	UFMO	UMPO ao	УМПО ао	УМПО ао	2011-12-13	2015-02-20	
Industrials	UNAC	Ob.aviastroitelnaya korp.	iАвиастКао	Об.авиастр.корп. ПАО ао	2013-09-17		
Industrials	URKZ	Uralskaya kuznica ao	УрКузница	ПАО Уральская кузница ао	2012-05-11		
Industrials	UUAZ	U-UAZ ao	У-УАЗ ао	У-УАЗ  ОАО ао	2008-08-28	2012-04-20	
Industrials	UWGN	OVK ao	ОВК ао	ПАО НПК ОВК ао	2015-04-29	2021-12-13	
Industrials	UWGN-001D	OVK-001D ao	ОВК-001D	ПАО НПК ОВК 001D ао	2015-04-29	2015-06-16	
Industrials	VSYD	Viborgskii sudostr. Zavod ao	ВыбСудЗ ао	Выборгский Суд.Завод ПАО ао	2012-09-25		
Industrials	VSYDP	Viborgskii sudostr. Zavod ap	ВыбСудЗ ап	Выборгский Суд.Завод ПАО ап	2012-09-25		
Industrials	YASH	Yaroslavskiy Shinniy Zavod ao	ЯрШинЗ ао	Яросл. шинный завод ПАО ао	2011-03-10	2016-06-28	
Industrials	ZILL	ZIL ao	ЗИЛ ао	Завод им. И.А.Лихачева ПАО ао	2011-12-09		
Industrials	ZIOP	Joint-Stock Company Machine-building plant ZiO-Podolsk	АО ЗиО-Подольск	Акционерное общество Машиностроительный завод ЗиО-Подольск	2011-12-09		
Industrials	ZMZN	ZMZ	ЗМЗ-ао	Заволжский мотор.з-д ПАО ао	2005-01-11	2018-12-14	
Industrials	ZMZNP	ZMZ (pref)	ЗМЗ-ап	Заволжский мотор.завод ПАО ап	2005-01-11	2018-12-14	
Industrials	ZVEZ	Zvezda ao	ЗВЕЗДА ао	ЗВЕЗДА ПАО ао	2011-12-16		
Information Technologies	ARMD	ARMADA	Армада	АРМАДА ПАО ао	2007-05-24	2015-05-21	
Information Technologies	ASTR	Astra Group	Астра ао	Группа Астра ао	2023-10-13		
Information Technologies	CIAN	ADR Cian PLC ORD SHS	CIAN-адр	АДР Cian PLC ORD SHS	2021-11-05		
Information Technologies	DATA	Arenadata Group	Аренадата	Группа Аренадата	2024-10-01		
Information Technologies	DIAS	Diasoft	iДиасофт	Диасофт ао	2024-02-13		
Information Technologies	ELIB	ELSIB	ЭЛСИБ	Научно-производственное объединение ЭЛСИБ	2007-05-22		
Information Technologies	HEAD	IPJSC Headhunter	Хэдхантер	МКПАО Хэдхантер	2024-08-16		
Information Technologies	HHRU	ADR HeadHunter Group ORD SHS	HHRU-адр	АДР HeadHunter Group ORD SHS	2020-09-25	2024-09-27	
Information Technologies	IVAT	PJSC IVA	iИВА	ПАО ИВА ао	2024-06-04		
Information Technologies	MAIL	GDR VK Company Limited ORD SHS	VK-гдр	ГДР VK Company Limited ORD SHS	2020-07-02	2021-12-13	
Information Technologies	OZON	ADS Ozon Holdings PLC ORD SHS	OZON-адр	АДР Ozon Holdings PLC ORD SHS	2020-11-24		
Information Technologies	POSI	PJSC Positive Group	iПозитив	Группа Позитив ао	2021-12-17		
Information Technologies	SFTL	GDR Noventiq Holdings ORD SHS	NVTQ-гдр	ГДР Noventiq Holdings ORD SHS	2021-11-01		
Information Technologies	SITR	SITRONICS ao	iСИТРОНИКС	СИТРОНИКС ОАО ао	2011-09-30	2013-11-22	
Information Technologies	SKYC	SkyComputing	СкайКо-ао	СкайКомпьютинг (ОАО) ао	2012-08-28	2017-03-01	
Information Technologies	SOFL	Softline	iСофтлайн	Софтлайн ао	2023-09-25		
Information Technologies	UTII	Platforma UTINET.RU PAO ao	Ютинет.Ру	Платформа ЮТИНЕТ.РУ ПАО - ао	2011-06-23	2016-03-25	
Information Technologies	VERT	VERT	Вертикаль	ПО Вертикаль ОАО ао	2005-11-30	2014-05-30	
Information Technologies	VKCO	VK International Public JS Com	МКПАО ВК	Международная компания ПАО ВК	2020-07-02		
Information Technologies	VTLD	Vital ao	iВитал	Витал Девел.Корпорэйшн ОАО ао	2011-12-20	2013-10-25	
Information Technologies	YDEX	YANDEX	ЯНДЕКС	МКПАО ЯНДЕКС	2024-07-08		
Information Technologies	YNDX	PLLC Yandex N.V.	Yandex clA	PLLC Yandex N.V. class A shs	2014-06-04	2024-07-09	
Metals and Mining	AGRE	AGAVA-Resurs ao	АГАВА-Рес	АГАВА-Ресурс ОАО ао	2010-12-24	2012-12-28	
Metals and Mining	ALRS	ALROSA ao	АЛРОСА ао	АЛРОСА ПАО ао	2011-11-29		
Metals and Mining	ALNU	ALROSA-Nurba ao	АЛРОСА-Нюр	АЛРОСА-Нюрба ПАО ао	2011-12-08	2021-12-24	
Metals and Mining	BRZL	Buryatzoloto ao	БурЗолото	Бурятзолото ПАО ао	2011-12-09		
Metals and Mining	CHEP	CHTPZ	ЧТПЗ ао	ЧТПЗ ПАО ао	2008-12-12	2022-04-06	
Metals and Mining	CHMF	Severstal - ao	СевСт-ао	Северсталь (ПАО)ао	2005-06-02		
Metals and Mining	CHMK	CMK	ЧМК ао	ЧМК ПАО ао	2008-12-12		
Metals and Mining	CHZN	Chelabinskyi cinkovyi zavod	ЧЦЗ ао	Челябинский цинк. завод ао	2008-02-14	2018-10-09	
Metals and Mining	ELTZ	Elektrotsink ao	Электрцинк	Электроцинк ПАО ао	2008-10-14		
Metals and Mining	GMKN	NorNickel GMK	ГМКНорНик	ГМК Нор.Никель ПАО ао	2006-12-26		
Metals and Mining	IGST	Izhstal 2ao	Ижсталь2ао	Ижсталь ПАО ао 2в.	2011-12-08		
Metals and Mining	IGST03	Izhstal 3ao	Ижсталь3ао	Ижсталь ОАО ао 3в.	2011-12-08	2016-11-03	
Metals and Mining	IGSTP	Izhstal ap	Ижсталь ап	Ижсталь ПАО ап	2011-12-08		
Metals and Mining	IKAR	Ikar	Икар ао	Икар ОАО ао	2001-11-08	2012-10-18	
Metals and Mining	IKARP	IKARP	IKARP	IKARP	2001-11-08	2012-10-18	
Metals and Mining	KMTZ	KGIW ao	КосогМЗ ао	Косогорский метал. завод ПАО	2011-12-09		
Metals and Mining	KOGK	Korshunovskii GOK	КоршГОК ао	Коршуновский ГОК ПАО ао	2008-08-28		
Metals and Mining	LNZL	Lenzoloto	Лензолото	Лензолото ПАО ао	2008-12-12		
Metals and Mining	LNZLP	Lenzoloto pref.	Лензол. ап	Лензолото ПАО ап	2009-06-18		
Metals and Mining	MAGN	MMK	ММК	Магнитогорск.мет.комб ПАО ао	2005-12-26		
Metals and Mining	MGNZ	SMZ	СМЗ-ао	Соликамский магн.завод(ОАО)ао	2008-10-14		
Metals and Mining	MTLR	Mechel	Мечел ао	Мечел ПАО ао	2008-12-26		
Metals and Mining	MTLRP	Mechel pref.	Мечел ап	Мечел ПАО ап	2011-04-21		
Metals and Mining	NLMK	NLMK ao	НЛМК ао	ПАО НЛМК ао	2006-04-06		
Metals and Mining	PGIL	Polyus Gold International	PGIL-ао	Polyus GOLD International Ltd	2014-12-26	2015-12-03	
Metals and Mining	PLZL	Polus	Полюс	Полюс ПАО ао	2006-05-12		
Metals and Mining	PMTL	Polymetal	Полиметалл	Полиметалл ОАО ао	2007-02-09	2012-08-14	
Metals and Mining	POGR	Petropavlovsk PLC	Petropavl	Petropavlovsk PLC	2020-06-25	2022-07-20	
Metals and Mining	POLY	Solidcore Resources plc	Solidcore	Solidcore Resources plc	2013-06-17		
Metals and Mining	RASP	Raspadskaya	Распадская	ПАО Распадская ао	2006-11-14		
Metals and Mining	ROLO	Rusolovo PAO ao	Русолово	Русолово ПАО ао	2013-08-12		
Metals and Mining	RUAL	RUSAL ao	РУСАЛ ао	РУСАЛ ОК МКПАО ао	2015-03-30		
Metals and Mining	RUALR	RDR United Company RUSAL Plc	Русал рдр	РДР Юнайтед Компани РУСАЛ Плс	2010-12-24	2017-09-01	
Metals and Mining	RUSP	Ruspolimet ao	Русполимет	Русполимет ПАО ао	2008-08-28	2022-06-15	
Metals and Mining	SELG	Seligdar	Селигдар	ПАО Селигдар  ао	2011-09-22		
Metals and Mining	SELGP	Seligdar ap	Селигдар-п	ПАО Селигдар ап	2012-05-11	2021-12-23	
Metals and Mining	SELG-002D	Seligdar-002D	Селигдар-002D	ПАО Селигдар ао 002D	2011-06-28	2012-01-13	
Metals and Mining	SNTZ	AO Sinarsky Pipe Plant ORD	Синтз	АО СИНТЗ ао	2024-09-11		
Metals and Mining	SUMZ	AO SUMZ ORD	СУМЗ-ао	ПАО СУМЗ ао	2008-12-12	2012-09-18	
Metals and Mining	SVTZ	AO Seversky Pipe Plant ORD	СТЗ	АО СТЗ ао	2024-09-11		
Metals and Mining	TAMZ	TAGMET ao	ТАГМЕТ ао	ТАГМЕТ ОАО ао	2008-08-28		
Metals and Mining	TATB	TATBENTO ao	ТАТБЕНТОао	ТАТБЕНТО ОАО  ао	2010-09-07	2012-12-28	
Metals and Mining	TRMK	TMK ao	ТМК ао	ПАО ТМК	2007-04-10		
Metals and Mining	UGLD	UGC	ЮГК	ЮГК	2023-11-22		
Metals and Mining	UNKL	Uzhno-Uralskiy nikel. komb. ao	ЮУНК ао	Южно-Уральский никел. комб. ао	2012-04-20		
Metals and Mining	VTRS	VTORRESURSY ao	ВТОРРЕСао	ВТОРРЕСУРСЫ ПАО ао	2012-07-19	2016-12-02	
Metals and Mining	VSMO	Corp. VSMPO-AVISMA ao	ВСМПО-АВСМ	Корп. ВСМПО-АВИСМА (ПАО) ао	2004-11-11		
Metals and Mining	VSMZ	Vyksynskii matall. zavod	ВМЗ ао	Выксунский мет. завод ОАО ао	2008-08-28	2013-02-28	
Metals and Mining	ZOYA	Zoloto Yakutii ao	ЗолЯкутии	Золото Якутии ОАО ао	2010-05-27		
Telecommunication Services	BISV	BashInformSvyaz ao	БашИнСв ао	Башинформсвязь(ПАО) ао	2010-04-23	2022-12-13	
Telecommunication Services	BISVP	BashInformSvyaz ap	БашИнСв ап	Башинформсвязь(ПАО) ап	2010-04-23		
Telecommunication Services	CNTL	Centrlnyi Telegraf	Телеграф	Центральный Телеграф ПАО ао	2008-12-12		
Telecommunication Services	CNTLP	Centrlnyi Telegraf ap	Телеграф-п	Центральный Телеграф ПАО ап	2011-10-25		
Telecommunication Services	MFON	MegaFon ao	МегаФон ао	МегаФон ПАО ао	2012-11-28	2022-12-13	
Telecommunication Services	MGTS	MGTS-5	МГТС-5ао	ПАО МГТС ао (5 в)	2005-01-11		
Telecommunication Services	MGTSP	MGTS-4	МГТС-4ап	ПАО МГТС ап (4 в)	2005-01-11		
Telecommunication Services	MTSS	MTS	МТС-ао	Мобильные ТелеСистемы ПАО ао	2004-02-11		
Telecommunication Services	RTKM	Rostelecom	Ростел -ао	Ростелеком (ПАО) ао.	2005-01-11		
Telecommunication Services	RTKMP	Rostelecom- (pref)	Ростел -ап	Ростелеком (ПАО) ап.	2005-01-11		
Telecommunication Services	TTLK	Tattelekom	Таттел. ао	Таттелеком ПАО ао	2007-03-21		
Telecommunication Services	VEON-RX	VEON Ltd. ORD SHS	VEON	VEON Ltd. ORD SHS	2021-11-26		
Transportation	AFLT	Aeroflot	Аэрофлот	Аэрофлот-росс.авиалин(ПАО)ао	2004-02-13		
Transportation	FESH	DVMP ao	ДВМП ао	ДВ морское пароходство ПАО ао	2008-08-28		
Transportation	FLOT	Sovcomflot	Совкомфлот	Совкомфлот ао	2020-10-07		
Transportation	GLTR	GDR Globaltrans Inves ORD SHS	GLTR-гдр	ГДР Globaltrans Invest ORD SHS	2020-10-28		
Transportation	GTRK	GTM	ГТМ ао	ПАО ГТМ ао	2017-11-03		
Transportation	DELI	Carsharing Russia	iКаршеринг	Каршеринг Руссия ао	2024-02-06		
Transportation	NKHP	NKHP ao	НКХП ао	НКХП ПАО ао	2015-11-17		
Transportation	NMTP	NMTP	НМТП ао	НМТП (ПАО) ао	2007-11-08		
Transportation	PRIM	Primorsk. mor. paroxod. ao	ПМП ао	Прим. морск. пароходство-ао	2006-12-04	2017-06-27	
Transportation	TRCN	TransKonteiner ao	ТрансК ао	ТрансКонтейнер ПАО ао	2010-11-12	2022-12-13	
Transportation	TRFM	TransFin-M	ТрансФ ао	ПАО ТрансФин-М ао	2018-08-15	2022-12-13	
Transportation	SZPR	Severo-Zapadnoe Parokhodstvo	СЗПароход	Сев.-зап. пароходство ПАО	2009-07-08	2020-06-29	
Transportation	TAER	TRANSAERO ao	ТРАНСАЭРао	ТРАНСАЭРО АК (ОАО) ао	2011-03-29	2015-12-21	
Transportation	UTAR	UTAir Aviacompany	ЮТэйр ао	Авиакомпания ЮТэйр (ПАО) ао	2005-01-11		
TQFD. PAI (USD)	RU000A1007R9	OPIF BCS Fundamental Choice	БКСФундВыб	ОПИФ БКС Фундаментальный Выбор			
TQIF. PAI	RU0005418747	Fund-1 IP	  ФондПервый	ОПИФ Фонд Первый			
TQIF. PAI	RU0006922010	Fund-Konservativniy IP	  ФондКонс	ОПИФ Фонд Консервативный			
TQIF. PAI	RU0006922044	Fund-Professional IP	  ФондПроф	ОПИФ Фонд Профессиональный			
TQIF. PAI	RU0006922051	Fond Otrasl Inv	  АкцииРоста	ОПИФ Акции роста			
TQIF. PAI	RU000A0ERGA7	PIF Kommercheskaya Nedvizhimos	  ПИФСбер-КН	ПИФСбербанк Комм.недвижимость			
TQIF. PAI	RU000A0HGNG6	OPIF Arsaguera - Stock Fund	  АрсагераФА	ОПИФ Арсагера - фонд акций			
TQIF. PAI	RU000A0HGNH4	Arsagera fund mixed investment	  ПИФАрсСИ	Арсагера фонд смеш. инвестиц.			
TQIF. PAI	RU000A0JNK00	Pervyi IPIF UK Kapit	  ПервыйИПИФ	Первый ИПИФ УК КапиталЪ			
TQIF. PAI	RU000A0JNK34	Universalnyi IPIF UK Kapital	  УниверИПИФ	Универсальный ИПИФ УК КапиталЪ			
TQIF. PAI	RU000A0JP4U1	PIF InvBalance UK Kapital	  ПИФКапИнвб	ПИФ УК КапиталЪ Ивестбаланс			
TQIF. PAI	RU000A0JP773	PIF BKS-Indeks MMVB	  БКС РосАкц	ОПИФ БКС Российские Акции			
TQIF. PAI	RU000A0JP799	PIF BKS RossObl	  БКС РосОбл	ОПИФ БКС Российские облигации			
TQIF. PAI	RU000A0JPGC6	Straji Yrala -IF comb. YK Sodr	  СтражУрСод	ЗПИФ комб. Стражи Урала Содр			
TQIF. PAI	RU000A0JPMD2	Arsagera-akcii 6.4 IP	  ПИФАрс6.4	Арсагера-акции 6.4 ПИФ			
TQIF. PAI	RU000A0JPZL7	AK BARS-Investitsii	  АкБрс-Инв	Ак Барс ПИФ АК БАРС-Инвестиц			
TQIF. PAI	RU000A0JPZP8	AK BARS-Perspektiva	  АкБрс-Прсп	УКАкБарсКап ПИФ АК БАРС-Персп.			
TQIF. PAI	RU000A0JR282	Equity Fund	  ПИФАкции	ПИФ Акции УК ВИМИнвест			
TQIF. PAI	RU000A0JR290	Index Moex Fund	  ПИФИнМосБр	ПИФ ИндексМосБиржи УКВИМИнвест			
TQIF. PAI	RU000A0JR2A5	Balanced Fund	  ПИФСбалан	ПИФ Сбалансир Инв УК ВИМИнвест			
TQIF. PAI	RU000A0JR2C1	Treasury Fund	  ПИФКазна	ПИФ Казначейский УК ВИМИнвест			
TQIF. PAI	RU000A0JR7X6	PIF Effective	  ПИФЭффект	УК Русь Менедж. ПИФЭффективный			
TQIF. PAI	RU000A0JR7Z1	PIF Domodedovskiy prom.	  ПИФДомПром	УК Русь Менедж. ПИФДом.пром.			
TQIF. PAI	RU000A0JR811	PIF Odintsovskiy promishlenniy	  ПИФОдинцПр	УК Русь Менедж. ПИФОдинцПром			
TQIF. PAI	RU000A0JRHC0	ATRIUM UK VELES TR	  ПИФ АТРИУМ	ПИФ АТРИУМ УК ВЕЛЕС ТР			
TQIF. PAI	RU000A0JRUQ3	TKBIP Sbl	  ТКБИП Сбал	ОПИФ ТКБИП Сбалансированный			
TQIF. PAI	RU000A0JS991	Kommercheskie Investicii	  ПИФКоммИнв	ПИФ Коммерческие Инвестиции			
TQIF. PAI	RU000A0JT4S1	OPIF Cumulative reserve	  НакопРез	ОПИФ Накопительный резерв			
TQIF. PAI	RU000A0JTVY1	PIF Nevskiy UK EMRIS	  ПИФНевский	ПИФ Невский УК ЭМРИС			
TQIF. PAI	RU000A0JUR61	UK PERAMO IN PIF CONSERVATORia	  ПИФ КОНСЕР	УК ПЕРАМО ИН ПИФ КОНСЕРВАТОРия			
TQIF. PAI	RU000A0JUTH8	ZPIF Variant UK TETIS Kapital	  ПИФВариант	ЗПИФ Вариант УК ТЕТИС Кэпитал			
TQIF. PAI	RU000A0JUYB1	ZPIF Loftinvest	  ЗПИФЛофтин	ЗПИФ Лофтинвест			
TQIF. PAI	RU000A0JVGP6	ZPIF Prom.In PI UK	  ЗПИФПромИн	ЗПИФ Пром.Ин УК ПИ			
TQIF. PAI	RU000A0JVHY6	OPIF BCS Imperia	  БКСИмперия	ОПИФ БКС Империя			
TQIF. PAI	RU000A0JVJ29	OPIF BCS Precious Metals	  БКСДрагМет	ОПИФ БКС Драгоценные Металлы			
TQIF. PAI	RU000A0JWAW3	SFNArendBiznes	  СФНАрБизн	ПИФ СФН - Арендный бизнес			
TQIF. PAI	RU000A0JWCE7	ZPIF Perlovsky	  Перловский	ЗПИФ Недвижимости Перловский			
TQIF. PAI	RU000A0JXP78	ZPIF DOM.RF	  ЗПИФДОМ.РФ	ЗПИФ недвижимости ДОМ.РФ			
TQIF. PAI	RU000A0JXWF0	Arsagera bonds KP 1.55	  АрсКР1.55	Арсагера фонд обл КР 1.55			
TQIF. PAI	RU000A0ZYC64	SovrArendBiznes 2	  СоврАрБиз2	ЗПИФ СовременАрендный бизнес 2			
TQIF. PAI	RU000A0ZZ5R2	PIF SovrArendBiznes3	  СоврАрБиз3	ПИФ Современ Арендный бизнес 3			
TQIF. PAI	RU000A0ZZAU6	ZPIF ACCENT FUND I - LOGISTICS	  ЗПИФ АКЦ 1	ЗПИФ АКЦЕНТ ФОНД I - ЛОГИСТИКА			
TQIF. PAI	RU000A0ZZCD8	IPIF Mirovye invest MC Aton	  ИПИФМирИнв	ИПИФ Мировые инвестиции УКАтон			
TQIF. PAI	RU000A0ZZMD7	OPIF RSHB Fund Bonds	  РСХБ Облиг	ОПИФ РСХБ – Фонд Облигаций			
TQIF. PAI	RU000A0ZZML0	OPIF RSHB Balanced Fund	  РСХБ Сбал	ОПИФ РСХБ Сбалансированный			
TQIF. PAI	RU000A0ZZMN6	OPIF RSHB Fund Shares	  РСХБ Акции	ОПИФ РСХБ – Фонд Акций			
TQIF. PAI	RU000A0ZZVH9	PIF Gazprombank Eurobonds	  ГПБУАЕОбИП	ПИФ Газпромбанк-Еврооблигации			
TQIF. PAI	RU000A1000Y0	PIF  pre IPO Fund	  iпре-АйПиО	ПИФ ВИМ пре-АйПиО фонд			
TQIF. PAI	RU000A100EQ2	OPIF BCS Russian Eurobonds	  БКС РосЕвр	ОПИФ БКС Российские Еврообл			
TQIF. PAI	RU000A101HY7	PIF Alfa-Capital Arendn.potok	  ПИФАльфаАП	ПИФ Альфа-К Арендн. поток			
TQIF. PAI	RU000A101NK4	ZPIF Primary placement fund	  ЗПИФ ФПР	ЗПИФ Фонд первичных размещений			
TQIF. PAI	RU000A101UY0	OPIF MKB Money market	  ОПИФ MM	ОПИФ МКБ Денежный рынок			
TQIF. PAI	RU000A101YY2	PIF Alfa-Capital Arendn.potok2	  ПИФАльфАП2	ЗПИФ Альфа-К Арендный поток-2			
TQIF. PAI	RU000A1022Z1	ZPIF PARUS-OZN	  ПАРУС-ОЗН	ЗПИФ ПАРУС-ОЗН			
TQIF. PAI	RU000A102AH5	ZPIF Sovremenniy 6	  ЗПИФСовр 6	ЗПИФ Современный 6			
TQIF. PAI	RU000A102N77	ZPIF RI	  ЗПИФРД	ЗПИФ РД			
TQIF. PAI	RU000A102P67	IPIF Raiffeisen World Bonds	  ИПИФРайфМО	ИПИФ Райффайзен Мир Облигации			
TQIF. PAI	RU000A102PE0	Fund Subord USD	  ФондсубUSD	ИПИФ ВИМ Фонд Суборд Доллары			
TQIF. PAI	RU000A102PF7	Fund Subord EURO	  ФондсубEUR	ИПИФ ВИМ Фонд Суборд Евро			
TQIF. PAI	RU000A102PN1	PIF Alfa-Capital FastFood	  ПИФАльфаФФ	ЗПИФ Альфа-К ФастФуд			
TQIF. PAI	RU000A102PQ4	Fund Subord RUB	  ФондСубРуб	ИПИФ ВИМ Фонд Суборд Рубли			
TQIF. PAI	RU000A102Q33	OPIF BCS World Resources	  БКС Миррес	ОПИФ БКС Мировые ресурсы			
TQIF. PAI	RU000A103B62	Rental income PRO	  РенДохПРО	Рентный доход ПРО			
TQIF. PAI	RU000A103HD7	ZPIF RI 2	  ЗПИФРД2	ЗПИФ РД 2			
TQIF. PAI	RU000A104172	ZPIF PARUS-SBL	  ПАРУС-СБЛ	ЗПИФ ПАРУС-СБЛ			
TQIF. PAI	RU000A104FB3	MF Gazprombank - Hyperion	  Гиперион	ИПИФ Газпромбанк - Гиперион			
TQIF. PAI	RU000A104KU3	ZPIF PARUS-Nordway	  ПАРУС-НОРД	ЗПИФ ПАРУС-Нордвей			
TQIF. PAI	RU000A104M43	OPIF Alenka-Capital	  ПИФ Аленка	ОПИФ Аленка-Капитал			
TQIF. PAI	RU000A104YX8	ZPIF Commercial Real Estate	  ЗПИФКомНед	ЗПИФ СФН Совр Ком недвиж			
TQIF. PAI	RU000A105153	IPIF Astra Hedge Fund P5	  ХеджФондР5	ИПИФ Астра Хедж-фонд Р5			
TQIF. PAI	RU000A105328	ZPIF PARUS-LOGISTICS	  ПАРУС-ЛОГ	ЗПИФ ПАРУС-ЛОГИСТИКА			
TQIF. PAI	RU000A105GY0	ZPIF Gamma First Sports	  ЗПИФПервСп	ЗПИФ Гамма Первый спортивный			
TQIF. PAI	RU000A105R70	IPIF Annapurna	  Аннапурна	ИПИФ Аннапурна			
TQIF. PAI	RU000A105RJ8	OPIF RSHB Debt Market	  РСХБДолРын	ОПИФ РСХБ Долговой рынок			
TQIF. PAI	RU000A105TU1	BCS Capital	  БКСКапитал	ОПИФ БКС Капитал			
TQIF. PAI	RU000A1068X9	ZPIF PARUS-Dvincev	  ПАРУС-ДВН	ЗПИФ ПАРУС-Двинцев			
TQIF. PAI	RU000A106G80	ZPIF Tinkoff Replacement bonds	  ТКЗамещОбл	ЗПИФ Тинькофф Замещающие облиг			
TQIF. PAI	RU000A106MG3	IPIF Astra Hedge Fund D5	  ХеджФондД5	ИПИФ Астра Хедж-фонд Д5			
TQIF. PAI	RU000A1075T2	MF Gazprombank - Ruby	  ЗПИФ Рубин	ЗПИФ Газпромбанк – Рубин			
TQIF. PAI	RU000A107860	IPIF Astra Hedge Fund U5	  ХеджФондЮ5	ИПИФ Астра Хедж-фонд Ю5			
TQIF. PAI	RU000A1079J5	IPIF Astra Hedge Fund D1	  ХеджФондД1	ИПИФ Астра Хедж-фонд Д1			
TQIF. PAI	RU000A107J37	PIF Alfa Samolet Jilay Nedvij	  ПИФ СЖилН	ПИФ Альфа Самолет Жилая недвиж			
TQIF. PAI	RU000A107RE5	PIF Alfa Skladskaya kollekciya	  ПИФ СкладК	ЗПИФ Альфа Складская коллекция			
TQIF. PAI	RU000A108157	Rental PRO	  Рентал ПРО	ЗПИФ Рентал ПРО			
TQIF. PAI	RU000A108751	ZPIF Alfa Industrial parks	  ПИФПромПар	ЗПИФ Альфа Промышленные парки			
TQIF. PAI	RU000A108KP4	IPIF Astra Hedge Fund A+	  ХеджФондА+	ИПИФ Астра Хедж-фонд А+			
TQIF. PAI	RU000A108RS3	ZPIF Zalogovye zajmy	  ПИФЗалЗайм	ЗПИФ Залоговые займы			
TQIF. PAI	RU000A108TT7	BCS Equities with dividends	  БКСДивАкци	БКС Дивиденд акции с выплатой			
TQIF. PAI	RU000A108VR7	ZPIF PARUS-MAX	  ПАРУС-МАКС	ЗПИФ ПАРУС-МАКС			
TQIF. PAI	RU000A108ZB2	WIM Investments 2x OFZ	  2хОФЗ	ВИМ Инвестиции 2х ОФЗ			
TQIF. PAI	RU000A1092L4	ZPIF AKTIVO 20	  ПИФАКТИВ20	ЗПИФ АКТИВО ДВАДЦАТЬ			
TQIF. PAI	RU000A109G79	ZPIF GREENFLOW SCANDINAVIA	  ПИФГРИНФЛО	ЗПИФ ГРИНФЛОУ СКАНДИНАВИЯ			
TQPI. Shares PIR	BLNG	Belon ao	  Белон ао	Белон ОАО ао			
TQPI. Shares PIR	DSKY	Detsky mir	  ДетскийМир	ПАО Детский мир			
TQPI. Shares PIR	GAZA	Gaz ao	  ГАЗ ао	ГАЗ ПАО ао			
TQPI. Shares PIR	GAZAP	Gaz (pref)	  ГАЗ ап	ГАЗ ПАО ап			
TQPI. Shares PIR	GTRK	GTM	  ГТМ ао	ПАО ГТМ ао			
TQPI. Shares PIR	LIFE	Farmsintez ao	  Фармсинтез	Фармсинтез ПАО ао			
TQPI. Shares PIR	LPSB	LESK ao	  ЛЭСК ао	Липецкая энергосбыт.ком.ОАО ао			
TQPI. Shares PIR	PAZA	Pavlovo Bus ao	  ПавлАвт ао	Павловский автобус ПАО ао			
TQPI. Shares PIR	RBCM	GK RBK ao	  ГК РБК ао	ГК РБК ПАО ао			
TQPI. Shares PIR	RU000A0JNUM1	UKNavigator Kapital. vlozh.	  ЗПИФ КапВл	ПИФ Капитал.влож УК Навигатор			
TQPI. Shares PIR	RU000A0JVEZ0	ISU GK-3 Ai Kiu Dzhi UA	  ИСУ ГК-3	ИСУ ГК-3 Ай Кью Джи УА			
TQPI. Shares PIR	RU000A0ZZ422	Torgovye ryady ZPIF	  ТРЗПИФ	ЗПИФ Торговые ряды			
TQPI. Shares PIR	RU000A0ZZX84	ZPIF Solid Rental - 2	  СолидРент2	ЗПИФ Солид Рентный - 2			
TQPI. Shares PIR	RU000A101UK9	ZPIF STROYPROEKT AM OREOL	  ОРЕОЛСтрой	ЗПИФ СТРОЙПРОЕКТ УК ОРЕОЛ			
TQPI. Shares PIR	RU000A1027E5	ZPIF VDO Fund for Dev RusComp	  ЗПИФ ВДО	ЗПИФ Фонд ВДО разв. росс. комп			
TQPI. Shares PIR	RU000A1034U7	SFNArendBiznes 7	  СФНАрБиз7	ПИФ СФН Арендный бизнес 7			
TQPI. Shares PIR	UWGN	OVK ao	  ОВК ао	ПАО НПК ОВК ао			
TQTF. ETF	AKGD	AKGD ETF Gold	  AKGD ETF	БПИФ Альфа Капитал Золото			
TQTF. ETF	AKIE	ETF Alfa Managed Income Shares	  ETF AKIE	БПИФ Альфа Упр Акции с доходом			
TQTF. ETF	AKMB	ETF AKMB Alfa Managed Bonds	  ETF AKMB	БПИФ Альфа Управляем облигации			
TQTF. ETF	AKME	ETF AKME Alfa Managed Equties	  ETF AKME	БПИФ Альфа Управляем Акции			
TQTF. ETF	AKMM	AKMM ETF Money market	  AKMM ETF	БПИФ Альфа Денежный рынок			
TQTF. ETF	AKQU	AKQU ETF Alfa Capital Quant	  AKQU ETF	БПИФ Альфа Капитал Квант			
TQTF. ETF	AKUP	AKUP ETF Smart portfolio	  AKUP ETF	Альфа-Капитал Умный портфель			
TQTF. ETF	AMNR	AMNR ETF Cumulative in rubles	  AMNR ETF	АТОН – Накопительный в рублях			
TQTF. ETF	AMNY	AMNY ETF Cumulative in yuan	  AMNY ETF	АТОН - Накопительный в юанях			
TQTF. ETF	AMRE	ATON Russian Equities + ETF	  AMRE ETF	БПИФ АТОН – Российские акции +			
TQTF. ETF	AMRH	AMRH ETF ATON Hyield Rus Bonds	  AMRH ETF	БПИФ АТОН Высокодох. рос. обл.			
TQTF. ETF	BCSB	BCSB ETF High Yield Bonds	  BCSB ETF	БКС Облигации повыш доход			
TQTF. ETF	BCSD	BCSD ETF Money Market	  BCSD ETF	БПИФ БКС Денежный рынок			
TQTF. ETF	BOND	BOND ETF DOHOD Cbonds corp. RU	  BOND ETF	ДОХОДЪ Сбондс Корп. обл. РФ			
TQTF. ETF	CNYM	CNYM ETF Liquidity. CNY	  CNYM ETF	Ликвидность. Юань			
TQTF. ETF	DIVD	ETF DIVD DOHOD DIV	  ETF DIVD	БПИФ ДОХОДЪ Инд дивид акций			
TQTF. ETF	EQMX	EQMX ETF MOEX Fund	  EQMX ETF	БПИФ Индекс МосБиржи УК ВИМ			
TQTF. ETF	ESGE	ESGE ETF Russian Equity ESG	  ESGE ETF	БПИФ УстойчРазвРоссКомп УК ВИМ			
TQTF. ETF	ESGR	ESGR ETF RSHB-MOEX-RSPP VecTR	  ESGR ETF	БПИФ РСХБ-МосБиржа-РСПП Вектор			
TQTF. ETF	FINC	FINSTAR Money market +	  FINC ETF	ФИНСТАР Денежный рынок +			
TQTF. ETF	FMMM	FMMM ETF Money market	  FMMM ETF	БПИФ Финам Денежный рынок			
TQTF. ETF	GOLD	GOLD ETF Gold Fund	  GOLD ETF	БПИФ Золото.Биржевой УК ВИМ			
TQTF. ETF	GROD	ETF GROD DOHOD GROWTH IND	  ETF GROD	БПИФ ДОХОДЪ Инд акций роста			
TQTF. ETF	INFL	INFL ETF Ingosstrakh Inflation	  INFL ETF	БПИФ Ингосстрах Инфляционный			
TQTF. ETF	INGO	INGO ETF Ingosstrakh Corpbonds	  INGO ETF	БПИФ Ингосстрах Корп облигации			
TQTF. ETF	LQDT	LQDT ETF Money Market Fund	  LQDT ETF	БПИФ Ликвидность УК ВИМ			
TQTF. ETF	MKBD	MKBD ETF Russian Div. Shares	  MKBD ETF	БПИФ МКБ Российские Див. Акции			
TQTF. ETF	OBLG	OBLG ETF Corp Bonds Smart beta	  OBLG ETF	БПИФ Российскиеоблигации УКВИМ			
TQTF. ETF	OPNB	OPNB ETF - RU Bonds	  OPNB ETF	БПИФ Открытие - Облигации РФ			
TQTF. ETF	OPNR	OPNR ETF - RU Stocks	  OPNR ETF	БПИФ Открытие - Акции РФ			
TQTF. ETF	PRIE	PRIE ETF RSHB-BondsESG	  PRIE ETF	БПИФ РСХБ-Облигации ИЭсДжи			
TQTF. ETF	PSMM	PSMM ETF MFI PSB-Money Market	  PSMM ETF	БПИФ РФИ ПСБ–Денежный рынок			
TQTF. ETF	RCGL	RCGL ETF Raiffeisen - Gold	  RCGL ETF	БПИФ Райффайзен - Золото			
TQTF. ETF	RCHY	RCHY ETF Raiff Hyield Bonds	  RCHY ETF	БПИФ Райф Высокодох. облигации			
TQTF. ETF	RCMB	RCMB ETF	  RCMB ETF	БПИФ Райф Еврооблигации			
TQTF. ETF	RCMX	RCMX ETF MOEX 15 Index	  RCMX ETF	БПИФ Райф Индекс МосБиржи 15			
TQTF. ETF	RSHU	RSHU ETF smart beta bonds	  RSHU ETF	БПИФ РСХБ Корп обл смарт бета			
TQTF. ETF	SBBY	SBBY ETF Instrum Fund in CNY	  SBBY ETF	БПИФ Фонд Инструменты в юанях			
TQTF. ETF	SBCB	SBCB ETF USD Corporate Bonds	  SBCB ETF	БПИФ Первая Фонд валютн. облиг			
TQTF. ETF	SBCN	SBCN ETF First Savings in cny	  SBCN ETF	БПИФ Первая Сберегат. в юанях			
TQTF. ETF	SBCS	SBCS ETF Conservative smart	  SBCS ETF	БПИФ Первая Консерватив смарт			
TQTF. ETF	SBDS	SBDS ETF Dynamic smart	  SBDS ETF	БПИФ Первая Динамичный смарт			
TQTF. ETF	SBFR	SBFR ETF Fund Bonds floaters	  SBFR ETF	БПИФ Первая Облигации флоатеры			
TQTF. ETF	SBGB	SBGB ETF Government Bonds	  SBGB ETF	БПИФ Первая Гос. облигации			
TQTF. ETF	SBGD	SBGD ETF Fund Affordable gold	  SBGD ETF	БПИФ Первая Доступное золото			
TQTF. ETF	SBHI	SBHI ETF Halal investments	  SBHI ETF	БПИФ Первая Халяльные инвест			
TQTF. ETF	SBLB	First - Fund Bonds Longs	  SBLB ETF	БПИФПервая Долгосроч.гособлиг.			
TQTF. ETF	SBMM	SBMM ETF Money Market	  SBMM ETF	БПИФ Первая Сберегательный			
TQTF. ETF	SBMX	SBMX ETF Top Russia equities	  SBMX ETF	БПИФ Первая Топ Рос. акций			
TQTF. ETF	SBPS	SBPS ETF Progressive smart	  SBPS ETF	БПИФ Первая Прогрессив смарт			
TQTF. ETF	SBRB	SBRB ETF RUB Corporate Bond	  SBRB ETF	БПИФ  Первая Корп облигации			
TQTF. ETF	SBRI	SBRI ETF Responsible invest	  SBRI ETF	БПИФ Первая Ответствен инвест			
TQTF. ETF	SBRS	SBRS ETF Rational smart	  SBRS ETF	БПИФ Первая Осторожный смарт			
TQTF. ETF	SBSC	First-Equities mid small cap	  SBSC ETF	БПИФ Первая Акции ср.и мал.кап			
TQTF. ETF	SBWS	SBWS ETF Weighted smart	  SBWS ETF	БПИФ Первая Взвешенный смарт			
TQTF. ETF	SCFT	SCFT ETF Future Technologies	  SCFT ETF	БПИФ Технологии будущего			
TQTF. ETF	SCLI	SCLI ETF Liquid	  SCLI ETF	БПИФ Ликвидный			
TQTF. ETF	SIPO	SIPO ETF First IPO	  SIPO ETF	БПИФ Первая Индекс IPO			
TQTF. ETF	SUGB	SUGB ETF Government Bond 1-3Y	  SUGB ETF	БПИФ МКБ – ОФЗ 1-3 г			
TQTF. ETF	TBEU	TBEU ETF TCAPITAL BONDS E	  TBEU ETF	БПИФ ТКАПИТАЛ ОБЛИГАЦИИ Е			
TQTF. ETF	TBRU	TBRU ETF T-Capital BONDS	  TBRU ETF	БПИФ Т-Капитал ОБЛИГАЦИИ			
TQTF. ETF	TDIV	TDIV T-Capital DIVIDEND STOCKS	  TDIV ETF	Т-Капитал ДИВИДЕНДНЫЕ АКЦИИ			
TQTF. ETF	TEUR	TCAPITAL ETF ALL-WEATHER E	  TEUR ETF	БПИФ ТКАПИТАЛ ВЕЧНЫЙ ПОРТФ Е			
TQTF. ETF	TGLD	TGLD ETF T-capital GOLD USD	  TGLD ETF	БПИФ Т-Капитал ЗОЛОТО			
TQTF. ETF	TITR	T-Capital RUSSIAN TECHNOLOGY	  TITR ETF	Т-Капитал Российские Технологи			
TQTF. ETF	TLCB	TLCB T-Capital CURRENCY BONDS	  TLCB ETF	Т-КАПИТАЛ ВАЛЮТНЫЕ ОБЛИГАЦИИ			
TQTF. ETF	TMON	TMON ETF TCAPITAL MONEY MARKET	  TMON ETF	T-КАПИТАЛ ДЕНЕЖНЫЙ РЫНОК			
TQTF. ETF	TMOS	TMOS ETF TINKOFF IMOEX RUB	  TMOS ETF	БПИФ ТИНЬКОФФ ИНДЕКС МОСБИРЖИ			
TQTF. ETF	TPAY	TPAY ETF T-Capital Passive Inc	  TPAY ETF	Т-Капитал Пассивный Доход			
TQTF. ETF	TRUR	TRUR ETF ALL-WEATHER RUB	  TRUR ETF	БПИФ Т-Кап ВЕЧНЫЙ ПОРТФ РУБ			
TQTF. ETF	TUSD	TCAPITAL ETF ALL-WEATHER D	  TUSD ETF	БПИФ ТКАПИТАЛ ВЕЧНЫЙ ПОРТФ Д			
TQTF. ETF	YUAN	YUAN Bonds ETF	  YUAN ETF	БПИФ Облигации в юанях			
TQTY. PAI (CNY)	AMNY	AMNY ETF Cumulative in yuan	  AMNY ETF	АТОН - Накопительный в юанях			
TQTY. PAI (CNY)	CNYM	CNYM ETF Liquidity. CNY	  CNYM ETF	Ликвидность. Юань			
TQTY. PAI (CNY)	SBBY	SBBY ETF Instrum Fund in CNY	  SBBY ETF	БПИФ Фонд Инструменты в юанях			
TQTY. PAI (CNY)	SBCN	SBCN ETF First Savings in cny	  SBCN ETF	БПИФ Первая Сберегат. в юанях			
TQTY. PAI (CNY)	YUAN	YUAN Bonds ETF	  YUAN ETF	БПИФ Облигации в юанях			
Others	DNKOP	Danilch (pref)	Данильч ап	ОАО героя ВОВ Данильченко ап	2010-10-08	2014-10-13	